日付,証明番号,ゲーム,カード番号,キャラ名,セット,仕入値,出品数,全体中央値,TOP中央値,目標価格,損益分岐,乖離率,判定,出品価格
2026-04-13,142490884,Pokemon,231,Mega Scrafty Ex Mega Attack,POKEMON JAPANESE M2A-MEGA DREAM EX,10500,5,181.99,181.99,145.36,113.76,-20%,GO,172.98
2026-04-13,142490880,Pokemon,225,Mega Eelektross Ex Mega Attack,POKEMON JAPANESE M2A-MEGA DREAM EX,9900,7,47.99,47.99,138.38,108.30,188%,NO-GO,
2026-04-13,142490878,Pokemon,229,Mega Hawlucha Ex Mega Attack,POKEMON JAPANESE M2A-MEGA DREAM EX,9900,10,70.00,69.99,138.38,108.30,98%,NO-GO,
2026-04-13,142490869,Pokemon,226,Mega Gardevoir Ex Mega Attack,POKEMON JAPANESE M2A-MEGA DREAM EX,12500,9,79.99,79.99,168.62,131.96,111%,NO-GO,
2026-04-13,142490866,Pokemon,228,Mega Lucario Ex Mega Attack,POKEMON JAPANESE M2A-MEGA DREAM EX,13500,31,100.00,100.00,180.25,141.06,80%,NO-GO,
2026-04-13,142490884,Pokemon,231,Mega Scrafty Ex Mega Attack,POKEMON JAPANESE M2A-MEGA DREAM EX,10500,5,181.99,181.99,145.36,113.76,-20%,GO,172.98
2026-04-13,142490880,Pokemon,225,Mega Eelektross Ex Mega Attack,POKEMON JAPANESE M2A-MEGA DREAM EX,9900,7,47.99,47.99,138.38,108.30,188%,NO-GO,
2026-04-13,142490878,Pokemon,229,Mega Hawlucha Ex Mega Attack,POKEMON JAPANESE M2A-MEGA DREAM EX,9900,10,70.00,69.99,138.38,108.30,98%,NO-GO,
2026-04-13,142490869,Pokemon,226,Mega Gardevoir Ex Mega Attack,POKEMON JAPANESE M2A-MEGA DREAM EX,12500,9,79.99,79.99,168.62,131.96,111%,NO-GO,
2026-04-13,142490866,Pokemon,228,Mega Lucario Ex Mega Attack,POKEMON JAPANESE M2A-MEGA DREAM EX,13500,31,100.00,100.00,180.25,141.06,80%,NO-GO,
2026-04-13,142490884,Pokemon,231,Mega Scrafty Ex Mega Attack,POKEMON JAPANESE M2A-MEGA DREAM EX,10500,5,181.99,181.99,145.36,113.76,-20%,GO,172.98
2026-04-13,142490880,Pokemon,225,Mega Eelektross Ex Mega Attack,POKEMON JAPANESE M2A-MEGA DREAM EX,9900,7,47.99,47.99,138.38,108.30,188%,NO-GO,
2026-04-13,142490878,Pokemon,229,Mega Hawlucha Ex Mega Attack,POKEMON JAPANESE M2A-MEGA DREAM EX,9900,10,70.00,69.99,138.38,108.30,98%,NO-GO,
2026-04-13,142490869,Pokemon,226,Mega Gardevoir Ex Mega Attack,POKEMON JAPANESE M2A-MEGA DREAM EX,12500,9,79.99,79.99,168.62,131.96,111%,NO-GO,
2026-04-13,142490866,Pokemon,228,Mega Lucario Ex Mega Attack,POKEMON JAPANESE M2A-MEGA DREAM EX,13500,31,100.00,100.00,180.25,141.06,80%,NO-GO,
2026-04-13,142490884,Pokemon,231,Mega Scrafty Ex Mega Attack,POKEMON JAPANESE M2A-MEGA DREAM EX,10500,5,181.99,181.99,145.36,113.76,-20%,GO,172.98
2026-04-13,142490880,Pokemon,225,Mega Eelektross Ex Mega Attack,POKEMON JAPANESE M2A-MEGA DREAM EX,9900,7,47.99,47.99,138.38,108.30,188%,NO-GO,
2026-04-13,142490878,Pokemon,229,Mega Hawlucha Ex Mega Attack,POKEMON JAPANESE M2A-MEGA DREAM EX,9900,10,70.00,69.99,138.38,108.30,98%,NO-GO,
2026-04-13,142490869,Pokemon,226,Mega Gardevoir Ex Mega Attack,POKEMON JAPANESE M2A-MEGA DREAM EX,12500,9,79.99,79.99,168.62,131.96,111%,NO-GO,
2026-04-13,142490866,Pokemon,228,Mega Lucario Ex Mega Attack,POKEMON JAPANESE M2A-MEGA DREAM EX,13500,31,100.00,100.00,180.25,141.06,80%,NO-GO,
2026-04-13,142490884,Pokemon,231,Mega Scrafty Ex Mega Attack,POKEMON JAPANESE M2A-MEGA DREAM EX,10500,5,181.99,181.99,145.36,113.76,-20%,GO,172.98
2026-04-13,142490880,Pokemon,225,Mega Eelektross Ex Mega Attack,POKEMON JAPANESE M2A-MEGA DREAM EX,9900,7,47.99,47.99,138.38,108.30,188%,NO-GO,
2026-04-13,142490878,Pokemon,229,Mega Hawlucha Ex Mega Attack,POKEMON JAPANESE M2A-MEGA DREAM EX,9900,10,70.00,69.99,138.38,108.30,98%,NO-GO,
2026-04-13,142490869,Pokemon,226,Mega Gardevoir Ex Mega Attack,POKEMON JAPANESE M2A-MEGA DREAM EX,12500,9,79.99,79.99,168.62,131.96,111%,NO-GO,
2026-04-13,142490866,Pokemon,228,Mega Lucario Ex Mega Attack,POKEMON JAPANESE M2A-MEGA DREAM EX,13500,31,100.00,100.00,180.25,141.06,80%,NO-GO,
2026-04-13,142490884,Pokemon,231,Mega Scrafty Ex Mega Attack,POKEMON JAPANESE M2A-MEGA DREAM EX,10500,5,181.99,181.99,145.36,113.76,-20%,GO,172.98
2026-04-13,142490884,Pokemon,231,Mega Scrafty Ex Mega Attack,POKEMON JAPANESE M2A-MEGA DREAM EX,10500,5,181.99,181.99,145.36,113.76,-20%,GO,172.98
2026-04-13,142490859,Pokemon,235,Mega Eelektross Ex,POKEMON JAPANESE M2A-MEGA DREAM EX,11500,13,99.95,99.95,156.99,122.86,57%,NO-GO,
2026-04-13,142490852,Pokemon,247,Iris's Fighting Spirit,POKEMON JAPANESE M2A-MEGA DREAM EX,24500,12,219.75,219.75,308.17,241.17,40%,NO-GO,
2026-04-13,142490884,Pokemon,231,Mega Scrafty Ex Mega Attack,POKEMON JAPANESE M2A-MEGA DREAM EX,10500,5,181.99,181.99,145.36,113.76,-20%,GO,172.98
2026-04-13,142490859,Pokemon,235,Mega Eelektross Ex,POKEMON JAPANESE M2A-MEGA DREAM EX,11500,13,99.95,99.95,173.01,122.86,73%,NO-GO,
2026-04-13,142490852,Pokemon,247,Iris's Fighting Spirit,POKEMON JAPANESE M2A-MEGA DREAM EX,24500,12,219.75,219.75,282.05,241.17,28%,保留,282.98
2026-04-13,142490884,Pokemon,231,Mega Scrafty Ex Mega Attack,POKEMON JAPANESE M2A-MEGA DREAM EX,10500,5,181.99,181.99,145.36,113.76,-20%,GO,172.98
2026-04-13,142490880,Pokemon,225,Mega Eelektross Ex Mega Attack,POKEMON JAPANESE M2A-MEGA DREAM EX,9900,7,47.99,47.99,169.84,108.30,254%,NO-GO,
2026-04-13,142490878,Pokemon,229,Mega Hawlucha Ex Mega Attack,POKEMON JAPANESE M2A-MEGA DREAM EX,9900,10,70.00,69.99,152.51,108.30,118%,NO-GO,
2026-04-13,142490869,Pokemon,226,Mega Gardevoir Ex Mega Attack,POKEMON JAPANESE M2A-MEGA DREAM EX,12500,8,80.00,79.99,185.83,131.96,132%,NO-GO,
2026-04-13,142490866,Pokemon,228,Mega Lucario Ex Mega Attack,POKEMON JAPANESE M2A-MEGA DREAM EX,13500,31,100.00,100.00,198.64,141.06,99%,NO-GO,
2026-04-13,142490859,Pokemon,235,Mega Eelektross Ex,POKEMON JAPANESE M2A-MEGA DREAM EX,11500,13,99.95,99.95,173.01,122.86,73%,NO-GO,
2026-04-13,142490852,Pokemon,247,Iris's Fighting Spirit,POKEMON JAPANESE M2A-MEGA DREAM EX,24500,12,219.75,219.75,282.05,241.17,28%,保留,282.98
2026-04-13,142490884,Pokemon,231,Mega Scrafty Ex Mega Attack,POKEMON JAPANESE M2A-MEGA DREAM EX,10500,5,181.99,181.99,145.36,113.76,-20%,GO,172.98
2026-04-13,142490880,Pokemon,225,Mega Eelektross Ex Mega Attack,POKEMON JAPANESE M2A-MEGA DREAM EX,9900,7,47.99,47.99,169.84,108.30,254%,NO-GO,
2026-04-13,142490878,Pokemon,229,Mega Hawlucha Ex Mega Attack,POKEMON JAPANESE M2A-MEGA DREAM EX,9900,10,70.00,69.99,152.51,108.30,118%,NO-GO,
2026-04-13,142490869,Pokemon,226,Mega Gardevoir Ex Mega Attack,POKEMON JAPANESE M2A-MEGA DREAM EX,12500,8,80.00,79.99,185.83,131.96,132%,NO-GO,
2026-04-13,142490866,Pokemon,228,Mega Lucario Ex Mega Attack,POKEMON JAPANESE M2A-MEGA DREAM EX,13500,31,100.00,100.00,198.64,141.06,99%,NO-GO,
2026-04-13,142490859,Pokemon,235,Mega Eelektross Ex,POKEMON JAPANESE M2A-MEGA DREAM EX,11500,13,99.95,99.95,173.01,122.86,73%,NO-GO,
2026-04-13,142490852,Pokemon,247,Iris's Fighting Spirit,POKEMON JAPANESE M2A-MEGA DREAM EX,24500,12,219.75,219.75,282.05,241.17,28%,保留,282.98
2026-04-13,142490884,Pokemon,231,Mega Scrafty Ex Mega Attack,POKEMON JAPANESE M2A-MEGA DREAM EX,10500,5,181.99,181.99,145.36,113.76,-20%,GO,172.98
2026-04-13,142490880,Pokemon,225,Mega Eelektross Ex Mega Attack,POKEMON JAPANESE M2A-MEGA DREAM EX,9900,7,47.99,47.99,169.84,108.30,254%,NO-GO,
2026-04-13,142490878,Pokemon,229,Mega Hawlucha Ex Mega Attack,POKEMON JAPANESE M2A-MEGA DREAM EX,9900,10,70.00,69.99,152.51,108.30,118%,NO-GO,
2026-04-13,142490869,Pokemon,226,Mega Gardevoir Ex Mega Attack,POKEMON JAPANESE M2A-MEGA DREAM EX,12500,8,80.00,79.99,185.83,131.96,132%,NO-GO,
2026-04-13,142490866,Pokemon,228,Mega Lucario Ex Mega Attack,POKEMON JAPANESE M2A-MEGA DREAM EX,13500,31,100.00,100.00,198.64,141.06,99%,NO-GO,
2026-04-13,142490859,Pokemon,235,Mega Eelektross Ex,POKEMON JAPANESE M2A-MEGA DREAM EX,11500,13,99.95,99.95,173.01,122.86,73%,NO-GO,
2026-04-13,142490852,Pokemon,247,Iris's Fighting Spirit,POKEMON JAPANESE M2A-MEGA DREAM EX,24500,12,219.75,219.75,282.05,241.17,28%,保留,282.98
2026-04-13,142490884,Pokemon,231,Mega Scrafty Ex Mega Attack,POKEMON JAPANESE M2A-MEGA DREAM EX,10500,6,181.99,181.99,145.36,113.76,-20%,GO,172.98
2026-04-13,142490880,Pokemon,225,Mega Eelektross Ex Mega Attack,POKEMON JAPANESE M2A-MEGA DREAM EX,9900,7,47.99,47.99,169.84,108.30,254%,NO-GO,
2026-04-13,142490878,Pokemon,229,Mega Hawlucha Ex Mega Attack,POKEMON JAPANESE M2A-MEGA DREAM EX,9900,10,70.00,69.99,152.51,108.30,118%,NO-GO,
2026-04-13,142490869,Pokemon,226,Mega Gardevoir Ex Mega Attack,POKEMON JAPANESE M2A-MEGA DREAM EX,12500,8,80.00,79.99,185.83,131.96,132%,NO-GO,
2026-04-13,142490866,Pokemon,228,Mega Lucario Ex Mega Attack,POKEMON JAPANESE M2A-MEGA DREAM EX,13500,31,100.00,100.00,198.64,141.06,99%,NO-GO,
2026-04-13,142490859,Pokemon,235,Mega Eelektross Ex,POKEMON JAPANESE M2A-MEGA DREAM EX,11500,13,99.95,99.95,173.01,122.86,73%,NO-GO,
2026-04-13,142490852,Pokemon,247,Iris's Fighting Spirit,POKEMON JAPANESE M2A-MEGA DREAM EX,24500,13,219.75,219.75,282.05,241.17,28%,保留,282.98
2026-04-13,109204387,One Piece Card Game,004,Shanks,A Fist of Divine Speed,32000,193,226.67,242.49,361.88,309.43,60%,NO-GO,
2026-04-13,141914012,One Piece Card Game,119,Monkey D. Luffy,Premium Booster -One Piece Card the Best-,15699,546,155.74,165.00,205.82,161.08,32%,保留,205.98
2026-04-13,151238659,One Piece Card Game,119,Trafalgar Law,Premium Booster -One Piece Card the Best- VOL.2,28800,96,349.99,279.99,327.82,280.31,-6%,GO,332.98
2026-04-14,156103472,One Piece Card Game,116,Gum-Gum Golden Rifle,Adventure On Kami's Island,50000,3,444.00,,553.46,473.25,25%,NO-GO,
2026-04-14,94175225,One Piece Card Game,007,Jewelry Bonney,Two Legends,21000,72,250.00,250.00,244.80,209.32,-2%,GO,237.98
2026-04-14,156103472,One Piece Card Game,116,Gum-Gum Golden Rifle,Adventure On Kami's Island,50000,3,444.00,,553.46,473.25,25%,NO-GO,
2026-04-14,94175225,One Piece Card Game,007,Jewelry Bonney,Two Legends,21000,72,250.00,250.00,244.80,209.32,-2%,GO,237.98
2026-04-14,156103472,One Piece Card Game,116,Gum-Gum Golden Rifle,Adventure On Kami's Island,50000,3,444.00,,553.46,473.25,25%,NO-GO,
2026-04-14,94175225,One Piece Card Game,007,Jewelry Bonney,Two Legends,21000,72,250.00,250.00,244.80,209.32,-2%,GO,237.98
2026-04-14,155746272,One Piece Card Game,077,Lightning Dragon,Adventure On Kami's Island,49800,0,,,,,,先行出品,100.0
2026-04-14,135694642,Dragon Ball Super Card Game,FB04-095,Majin Buu : Kid FB04 Visual,Wish For Shenron,33333,1,879.23,879.23,376.06,321.56,-57%,GO,835.98
2026-04-14,109204387,One Piece Card Game,004,Shanks,A Fist of Divine Speed,30000,191,224.98,238.54,340.59,291.23,51%,NO-GO,
2026-04-14,155746272,One Piece Card Game,077,Lightning Dragon,Adventure On Kami's Island,49800,0,,,,,,先行出品,100.0
2026-04-14,135694642,Dragon Ball Super Card Game,FB04-095,Majin Buu : Kid FB04 Visual,Wish For Shenron,33333,1,879.23,879.23,376.06,321.56,-57%,GO,835.98
2026-04-14,109204387,One Piece Card Game,004,Shanks,A Fist of Divine Speed,30000,191,224.98,238.54,340.59,291.23,51%,NO-GO,
2026-04-15,92862502,Dragon Ball Super Card Game,FB01-090,Son Gohan : Childhood,Ultimate Battle Top Prize,8480,2,430.00,430.00,102.43,88.63,-76%,GO,408.98
2026-04-15,94156788,Dragon Ball Super Card Game,FB01-096,Vegeta Ultimate,Ultimate Battle Winner Prize,31100,18,460.00,480.07,323.51,279.94,-30%,GO,437.98
2026-04-15,155455140,Dragon Ball Super Card Game,SB01-023,Son Goku,Manga Booster 01,42000,15,1299.00,3150.41,430.04,372.13,-67%,GO,1234.98
2026-04-15,92862502,Dragon Ball Super Card Game,FB01-090,Son Gohan : Childhood,Ultimate Battle Top Prize,8480,2,430.00,430.00,102.43,88.63,-76%,GO,408.98
2026-04-15,153610059,Dragon Ball Super Card Game,FB03-139,Son Gohan : Youth Secret Rare-Alternate Art,Raging Roar,32000,1,613.39,613.39,332.31,287.55,-46%,GO,582.98
2026-04-15,142491109,Dragon Ball Super Card Game,FB06-119,Son Goku : Childhood Secret Rare-Alternate Art,DRAGON BALL SUPER FUSION WORLD JAPANESE MANGA BOOSTER 02,39000,2,589.80,589.80,400.72,346.75,-32%,GO,560.98
2026-04-15,94156788,Dragon Ball Super Card Game,FB01-096,Vegeta Ultimate,Ultimate Battle Winner Prize,31100,18,460.00,480.07,323.51,279.94,-30%,GO,437.98
2026-04-15,92862502,Dragon Ball Super Card Game,FB01-090,Son Gohan : Childhood,Ultimate Battle Top Prize,8480,2,430.00,430.00,102.43,88.63,-76%,GO,408.98
2026-04-15,94156788,Dragon Ball Super Card Game,FB01-096,Vegeta Ultimate,Ultimate Battle Winner Prize,31100,18,460.00,480.07,323.51,279.94,-30%,GO,437.98
2026-04-15,139561551,Dragon Ball Super Card Game,SB02-017,Gotenks,DRAGON BALL SUPER FUSION WORLD JAPANESE MANGA BOOSTER 02,22000,11,350.00,361.40,234.57,202.98,-33%,GO,234.98
2026-04-15,140655515,Dragon Ball Super Card Game,SB02-001,Trunks : Future,DRAGON BALL SUPER FUSION WORLD JAPANESE MANGA BOOSTER 02,9400,5,189.98,139.40,120.82,96.41,-36%,GO,120.98
2026-04-15,136817578,Dragon Ball Super Card Game,SB01-002,Android 16,Manga Booster 01,28000,3,340.00,306.70,293.21,253.72,-14%,GO,293.98
2026-04-15,89002149,Dragon Ball Super Card Game,FB01-090,Son Gohan : Childhood,Ultimate Battle Top Prize,7999,2,430.00,430.00,97.73,84.57,-77%,GO,97.98
2026-04-15,91128228,Dragon Ball Super Card Game,FB01-090,Son Gohan : Childhood,Ultimate Battle Top Prize,9999,2,430.00,430.00,117.28,101.48,-73%,GO,117.98
2026-04-15,92637834,Dragon Ball Super Card Game,FB01-035,Goku Black,Awakened Pulse,13999,21,188.86,209.40,169.57,135.31,-10%,GO,169.98
2026-04-15,152778879,Dragon Ball Super Card Game,FB07-113,Bulma,Wish For Shenron,44997,6,1100.00,1592.46,459.34,397.47,-58%,GO,459.98
2026-04-15,92862502,Dragon Ball Super Card Game,FB01-090,Son Gohan : Childhood,Ultimate Battle Top Prize,8480,2,430.00,430.00,102.43,88.63,-76%,GO,102.98
2026-04-15,139561551,Dragon Ball Super Card Game,SB02-017,Gotenks,DRAGON BALL SUPER FUSION WORLD JAPANESE MANGA BOOSTER 02,22000,11,350.00,361.40,234.57,202.98,-33%,GO,234.98
2026-04-15,155455140,Dragon Ball Super Card Game,SB01-023,Son Goku,Manga Booster 01,42000,15,1299.00,3150.41,430.04,372.13,-67%,GO,430.98
2026-04-15,153610059,Dragon Ball Super Card Game,FB03-139,Son Gohan : Youth Secret Rare-Alternate Art,Raging Roar,32000,1,613.39,613.39,332.31,287.55,-46%,GO,332.98
2026-04-15,142491109,Dragon Ball Super Card Game,FB06-119,Son Goku : Childhood Secret Rare-Alternate Art,DRAGON BALL SUPER FUSION WORLD JAPANESE MANGA BOOSTER 02,39000,2,589.80,589.80,400.72,346.75,-32%,GO,400.98
2026-04-15,140655515,Dragon Ball Super Card Game,SB02-001,Trunks : Future,DRAGON BALL SUPER FUSION WORLD JAPANESE MANGA BOOSTER 02,9400,5,189.98,139.40,120.82,96.41,-36%,GO,120.98
2026-04-15,94156788,Dragon Ball Super Card Game,FB01-096,Vegeta Ultimate,Ultimate Battle Winner Prize,31100,18,460.00,480.07,323.51,279.94,-30%,GO,323.98
2026-04-15,146110685,Dragon Ball Super Card Game,FP-024,Son Goku (mini): Da,Daimatsuri Promo,29800,4,329.00,304.29,310.81,268.95,-6%,GO,310.98
2026-04-15,136817578,Dragon Ball Super Card Game,SB01-002,Android 16,Manga Booster 01,28000,3,340.00,306.70,293.21,253.72,-14%,GO,293.98
2026-04-15,89002149,Dragon Ball Super Card Game,FB01-090,Son Gohan : Childhood,Ultimate Battle Top Prize,7999,2,430.00,430.00,97.73,84.57,-77%,GO,97.98
2026-04-15,91128228,Dragon Ball Super Card Game,FB01-090,Son Gohan : Childhood,Ultimate Battle Top Prize,9999,2,430.00,430.00,117.28,101.48,-73%,GO,117.98
2026-04-15,92637834,Dragon Ball Super Card Game,FB01-035,Goku Black,Awakened Pulse,13999,21,188.86,209.40,169.57,135.31,-10%,GO,169.98
2026-04-15,152778879,Dragon Ball Super Card Game,FB07-113,Bulma,Wish For Shenron,44997,6,1100.00,1592.46,459.34,397.47,-58%,GO,459.98
2026-04-15,92862502,Dragon Ball Super Card Game,FB01-090,Son Gohan : Childhood,Ultimate Battle Top Prize,8480,2,430.00,430.00,102.43,88.63,-76%,GO,102.98
2026-04-15,139561551,Dragon Ball Super Card Game,SB02-017,Gotenks,DRAGON BALL SUPER FUSION WORLD JAPANESE MANGA BOOSTER 02,22000,11,350.00,361.40,234.57,202.98,-33%,GO,234.98
2026-04-15,155455140,Dragon Ball Super Card Game,SB01-023,Son Goku,Manga Booster 01,42000,15,1299.00,3150.41,430.04,372.13,-67%,GO,430.98
2026-04-15,145707960,Dragon Ball Super Card Game,E01-02,Energy Marker,Energy Marker Pack 01,16500,15,220.00,313.93,180.81,156.46,-18%,GO,180.98
2026-04-15,153610059,Dragon Ball Super Card Game,FB03-139,Son Gohan : Youth Secret Rare-Alternate Art,Raging Roar,32000,1,613.39,613.39,332.31,287.55,-46%,GO,332.98
2026-04-15,89003768,Dragon Ball Super Card Game,E01-07,Energy Marker,Energy Marker Pack 01,15700,21,262.13,262.13,173.00,149.70,-34%,GO,173.98
2026-04-15,142491109,Dragon Ball Super Card Game,FB06-119,Son Goku : Childhood Secret Rare-Alternate Art,DRAGON BALL SUPER FUSION WORLD JAPANESE MANGA BOOSTER 02,39000,2,589.80,589.80,400.72,346.75,-32%,GO,400.98
2026-04-15,95556152,Dragon Ball Super Card Game,E01-08,Energy Marker,Energy Marker Pack 01,8899,6,199.00,199.00,115.51,92.18,-42%,GO,115.98
2026-04-15,140655515,Dragon Ball Super Card Game,SB02-001,Trunks : Future,DRAGON BALL SUPER FUSION WORLD JAPANESE MANGA BOOSTER 02,9400,5,189.98,139.40,120.82,96.41,-36%,GO,120.98
2026-04-15,94156788,Dragon Ball Super Card Game,FB01-096,Vegeta Ultimate,Ultimate Battle Winner Prize,31100,18,460.00,480.07,323.51,279.94,-30%,GO,323.98
2026-04-15,94333124,Dragon Ball Super Card Game,FS04-16,Death Ball FB02,Blazing Aura,20000,2,1000.00,,215.02,186.06,-78%,GO,215.98
2026-04-15,146110685,Dragon Ball Super Card Game,FP-024,Son Goku (mini): Da,Daimatsuri Promo,29800,4,329.00,304.29,310.81,268.95,-6%,GO,310.98
2026-04-15,92424556,Dragon Ball Super Card Game,E01-07,Energy Marker,Energy Marker Pack 01,15200,21,262.13,262.13,168.11,145.47,-36%,GO,168.98
2026-04-15,136817578,Dragon Ball Super Card Game,SB01-002,Android 16,Manga Booster 01,28000,3,340.00,306.70,293.21,253.72,-14%,GO,293.98
2026-04-15,99922323,Dragon Ball Super Card Game,FP-024,Son Goku (mini): Da,Daimatsuri Promo,19000,4,329.00,304.29,205.25,177.61,-38%,GO,205.98
2026-04-15,91722493,Dragon Ball Super Card Game,E01-12,Energy Marker,Energy Marker Pack 01,7200,7,118.65,118.65,97.51,77.81,-18%,GO,97.98
2026-04-15,89002149,Dragon Ball Super Card Game,FB01-090,Son Gohan : Childhood,Ultimate Battle Top Prize,7999,2,430.00,430.00,97.73,84.57,-77%,GO,97.98
2026-04-15,91128228,Dragon Ball Super Card Game,FB01-090,Son Gohan : Childhood,Ultimate Battle Top Prize,9999,2,430.00,430.00,117.28,101.48,-73%,GO,117.98
2026-04-15,91777542,Dragon Ball Super Card Game,E01-09,Energy Marker,Energy Marker Pack 01,16999,2,230.00,110.00,185.69,160.68,-19%,GO,185.98
2026-04-15,92637834,Dragon Ball Super Card Game,FB01-035,Goku Black,Awakened Pulse,13999,21,188.86,209.40,169.57,135.31,-10%,GO,169.98
2026-04-15,152778879,Dragon Ball Super Card Game,FB07-113,Bulma,Wish For Shenron,44997,6,1100.00,1592.46,459.34,397.47,-58%,GO,459.98
2026-04-15,140071494,Dragon Ball Super Card Game,E-73,Energy Marker,DRAGON BALL SUPER FUSION WORLD JAPANESE MANGA BOOSTER 02,35555,16,2000.00,3535.00,367.05,317.62,-82%,GO,367.98
2026-04-15,88466157,Dragon Ball Super Card Game,E01-03,Energy Marker,Energy Marker Pack 01,16400,33,239.53,292.19,179.84,155.62,-25%,GO,179.98
2026-04-15,146110685,Dragon Ball Super Card Game,FP-024,Son Goku (mini): Da,Daimatsuri Promo,29800,4,329.00,304.29,310.81,268.95,-6%,GO,310.98
2026-04-15,99922323,Dragon Ball Super Card Game,FP-024,Son Goku (mini): Da,Daimatsuri Promo,19000,4,329.00,304.29,205.25,177.61,-38%,GO,205.98
2026-04-16,92862502,Dragon Ball Super Card Game,FB01-090,Son Gohan : Childhood,Ultimate Battle Top Prize,8480,2,430.00,430.00,128.01,110.29,-70%,GO,128.98
2026-04-16,139561551,Dragon Ball Super Card Game,SB02-017,Gotenks,DRAGON BALL SUPER FUSION WORLD JAPANESE MANGA BOOSTER 02,22000,11,350.00,361.40,275.54,237.40,-21%,GO,275.98
2026-04-16,155455140,Dragon Ball Super Card Game,SB01-023,Son Goku,Manga Booster 01,42000,15,1299.00,3150.41,512.96,432.36,-61%,GO,512.98
2026-04-16,145707960,Dragon Ball Super Card Game,E01-02,Energy Marker,Energy Marker Pack 01,16500,15,222.04,313.93,220.06,180.00,-1%,GO,220.98
2026-04-16,153610059,Dragon Ball Super Card Game,FB03-139,Son Gohan : Youth Secret Rare-Alternate Art,Raging Roar,32000,1,613.39,613.39,400.94,335.84,-35%,GO,400.98
2026-04-16,89003768,Dragon Ball Super Card Game,E01-07,Energy Marker,Energy Marker Pack 01,15700,21,262.13,262.13,211.99,173.04,-19%,GO,211.98
2026-04-16,142491109,Dragon Ball Super Card Game,FB06-119,Son Goku : Childhood Secret Rare-Alternate Art,DRAGON BALL SUPER FUSION WORLD JAPANESE MANGA BOOSTER 02,39000,2,660.58,660.58,471.55,406.28,-29%,GO,471.98
2026-04-16,95556152,Dragon Ball Super Card Game,E01-08,Energy Marker,Energy Marker Pack 01,8899,6,199.00,199.00,143.78,113.93,-28%,GO,143.98
2026-04-16,140655515,Dragon Ball Super Card Game,SB02-001,Trunks : Future,DRAGON BALL SUPER FUSION WORLD JAPANESE MANGA BOOSTER 02,9400,5,189.98,139.40,149.28,118.29,-21%,GO,149.98
2026-04-16,94156788,Dragon Ball Super Card Game,FB01-096,Vegeta Ultimate,Ultimate Battle Winner Prize,31100,18,460.00,480.07,380.71,328.02,-17%,GO,380.98
2026-04-16,94333124,Dragon Ball Super Card Game,FS04-16,Death Ball FB02,Blazing Aura,20000,2,1000.00,,255.36,220.02,-74%,GO,255.98
2026-04-16,146110685,Dragon Ball Super Card Game,FP-024,Son Goku (mini): Da,Daimatsuri Promo,29800,4,329.00,305.92,367.60,316.72,12%,保留,367.98
2026-04-16,92424556,Dragon Ball Super Card Game,E01-07,Energy Marker,Energy Marker Pack 01,15200,21,262.13,262.13,206.94,168.70,-21%,GO,206.98
2026-04-16,136817578,Dragon Ball Super Card Game,SB01-002,Android 16,Manga Booster 01,28000,3,340.00,306.70,349.44,301.07,3%,保留,349.98
2026-04-16,99922323,Dragon Ball Super Card Game,FP-024,Son Goku (mini): Da,Daimatsuri Promo,19000,4,329.00,305.92,245.28,211.33,-25%,GO,245.98
2026-04-16,91722493,Dragon Ball Super Card Game,E01-12,Energy Marker,Energy Marker Pack 01,7200,7,118.65,118.65,125.15,91.48,5%,保留,125.98
2026-04-16,89002149,Dragon Ball Super Card Game,FB01-090,Son Gohan : Childhood,Ultimate Battle Top Prize,7999,2,430.00,430.00,123.16,106.11,-71%,GO,123.98
2026-04-16,91128228,Dragon Ball Super Card Game,FB01-090,Son Gohan : Childhood,Ultimate Battle Top Prize,9999,2,430.00,430.00,143.33,123.49,-67%,GO,143.98
2026-04-16,91777542,Dragon Ball Super Card Game,E01-09,Energy Marker,Energy Marker Pack 01,16999,2,230.00,110.00,225.09,184.33,-2%,GO,225.98
2026-04-16,92637834,Dragon Ball Super Card Game,FB01-035,Goku Black,Awakened Pulse,13999,22,188.86,209.40,199.73,158.26,6%,保留,199.98
2026-04-16,152778879,Dragon Ball Super Card Game,FB07-113,Bulma,Wish For Shenron,44997,5,1100.00,1592.46,543.19,458.41,-51%,GO,543.98
2026-04-16,140071494,Dragon Ball Super Card Game,E-73,Energy Marker,DRAGON BALL SUPER FUSION WORLD JAPANESE MANGA BOOSTER 02,35555,13,3000.00,3479.68,436.80,366.74,-85%,GO,436.98
2026-04-16,88466157,Dragon Ball Super Card Game,E01-03,Energy Marker,Energy Marker Pack 01,16400,32,244.24,292.19,219.05,179.13,-10%,GO,219.98
2026-04-16,92862502,Dragon Ball Super Card Game,FB01-090,Son Gohan : Childhood,Ultimate Battle Top Prize,8480,2,430.00,430.00,128.01,110.29,-70%,GO,128.98
2026-04-16,139561551,Dragon Ball Super Card Game,SB02-017,Gotenks,DRAGON BALL SUPER FUSION WORLD JAPANESE MANGA BOOSTER 02,22000,11,350.00,361.40,275.54,237.40,-21%,GO,275.98
2026-04-16,155455140,Dragon Ball Super Card Game,SB01-023,Son Goku,Manga Booster 01,42000,15,1299.00,3150.41,512.96,432.36,-61%,GO,512.98
2026-04-16,145707960,Dragon Ball Super Card Game,E01-02,Energy Marker,Energy Marker Pack 01,16500,15,222.04,313.93,239.28,180.00,8%,保留,239.98
2026-04-16,153610059,Dragon Ball Super Card Game,FB03-139,Son Gohan : Youth Secret Rare-Alternate Art,Raging Roar,32000,1,613.39,613.39,400.94,335.84,-35%,GO,400.98
2026-04-16,89003768,Dragon Ball Super Card Game,E01-07,Energy Marker,Energy Marker Pack 01,15700,21,262.13,262.13,230.50,173.04,-12%,GO,230.98
2026-04-16,142491109,Dragon Ball Super Card Game,FB06-119,Son Goku : Childhood Secret Rare-Alternate Art,DRAGON BALL SUPER FUSION WORLD JAPANESE MANGA BOOSTER 02,39000,2,660.58,660.58,471.55,406.28,-29%,GO,471.98
2026-04-16,95556152,Dragon Ball Super Card Game,E01-08,Energy Marker,Energy Marker Pack 01,8899,6,199.00,199.00,143.78,113.93,-28%,GO,143.98
2026-04-16,140655515,Dragon Ball Super Card Game,SB02-001,Trunks : Future,DRAGON BALL SUPER FUSION WORLD JAPANESE MANGA BOOSTER 02,9400,5,189.98,139.40,149.28,118.29,-21%,GO,149.98
2026-04-16,94156788,Dragon Ball Super Card Game,FB01-096,Vegeta Ultimate,Ultimate Battle Winner Prize,31100,18,460.00,480.07,380.71,328.02,-17%,GO,380.98
2026-04-16,94333124,Dragon Ball Super Card Game,FS04-16,Death Ball FB02,Blazing Aura,20000,2,1000.00,,255.36,220.02,-74%,GO,255.98
2026-04-16,146110685,Dragon Ball Super Card Game,FP-024,Son Goku (mini): Da,Daimatsuri Promo,29800,4,329.00,305.92,367.60,316.72,12%,保留,367.98
2026-04-16,92424556,Dragon Ball Super Card Game,E01-07,Energy Marker,Energy Marker Pack 01,15200,21,262.13,262.13,225.02,168.70,-14%,GO,225.98
2026-04-16,136817578,Dragon Ball Super Card Game,SB01-002,Android 16,Manga Booster 01,28000,3,340.00,306.70,349.44,301.07,3%,保留,349.98
2026-04-16,99922323,Dragon Ball Super Card Game,FP-024,Son Goku (mini): Da,Daimatsuri Promo,19000,4,329.00,305.92,245.28,211.33,-25%,GO,245.98
2026-04-16,91722493,Dragon Ball Super Card Game,E01-12,Energy Marker,Energy Marker Pack 01,7200,7,118.65,118.65,125.15,91.48,5%,保留,125.98
2026-04-16,89002149,Dragon Ball Super Card Game,FB01-090,Son Gohan : Childhood,Ultimate Battle Top Prize,7999,2,430.00,430.00,123.16,106.11,-71%,GO,123.98
2026-04-16,91128228,Dragon Ball Super Card Game,FB01-090,Son Gohan : Childhood,Ultimate Battle Top Prize,9999,2,430.00,430.00,143.33,123.49,-67%,GO,143.98
2026-04-16,91777542,Dragon Ball Super Card Game,E01-09,Energy Marker,Energy Marker Pack 01,16999,2,230.00,110.00,244.75,184.33,6%,保留,244.98
2026-04-16,92637834,Dragon Ball Super Card Game,FB01-035,Goku Black,Awakened Pulse,13999,22,188.86,209.40,199.73,158.26,6%,保留,199.98
2026-04-16,152778879,Dragon Ball Super Card Game,FB07-113,Bulma,Wish For Shenron,44997,5,1100.00,1592.46,543.19,458.41,-51%,GO,543.98
2026-04-16,140071494,Dragon Ball Super Card Game,E-73,Energy Marker,DRAGON BALL SUPER FUSION WORLD JAPANESE MANGA BOOSTER 02,35555,13,3000.00,3479.68,436.80,366.74,-85%,GO,436.98
2026-04-16,88466157,Dragon Ball Super Card Game,E01-03,Energy Marker,Energy Marker Pack 01,16400,32,244.24,292.19,238.18,179.13,-2%,GO,238.98
2026-04-19,89002149,Dragon Ball Super Card Game,FB01-090,Son Gohan : Childhood,Ultimate Battle Top Prize,7999,3,109.00,430.00,134.33,106.44,23%,保留,134.98
2026-04-19,139561551,Dragon Ball Super Card Game,SB02-017,Gotenks,DRAGON BALL SUPER FUSION WORLD JAPANESE MANGA BOOSTER 02,22000,12,350.00,350.00,276.46,238.19,-21%,GO,276.98
2026-04-19,155455140,Dragon Ball Super Card Game,SB01-023,Son Goku,Manga Booster 01,42000,14,1299.00,3500.00,514.64,433.80,-60%,GO,514.98
2026-04-19,145707960,Dragon Ball Super Card Game,E01-02,Energy Marker,Energy Marker Pack 01,16500,14,223.28,313.93,240.04,180.61,8%,保留,240.98
2026-04-19,153610059,Dragon Ball Super Card Game,FB03-139,Son Gohan : Youth Secret Rare-Alternate Art,Raging Roar,32000,1,611.78,611.78,402.23,336.96,-34%,GO,402.98
2026-04-19,95556152,Dragon Ball Super Card Game,E01-08,Energy Marker,Energy Marker Pack 01,8899,6,199.00,199.00,144.24,114.29,-28%,GO,144.98
2026-04-19,99922323,Dragon Ball Super Card Game,FP-024,Son Goku (mini): Da,Daimatsuri Promo,19000,6,299.00,307.62,267.57,212.02,-11%,GO,267.98
2026-04-19,136817578,Dragon Ball Super Card Game,SB01-002,Android 16,Manga Booster 01,28000,3,340.00,305.89,350.58,302.06,3%,保留,350.98
2026-04-19,91722493,Dragon Ball Super Card Game,E01-12,Energy Marker,Energy Marker Pack 01,7200,10,168.98,125.00,125.53,91.79,-26%,GO,125.98
2026-04-19,91777542,Dragon Ball Super Card Game,E01-09,Energy Marker,Energy Marker Pack 01,16999,3,230.00,110.00,245.54,184.96,7%,保留,245.98
2026-04-19,92637834,Dragon Ball Super Card Game,FB01-035,Goku Black,Awakened Pulse,13999,23,189.91,209.40,212.51,158.79,12%,保留,212.98
2026-04-19,152778879,Dragon Ball Super Card Game,FB07-113,Bulma,Wish For Shenron,44997,5,1100.00,1588.28,544.98,459.95,-50%,GO,544.98
2026-04-19,140071494,Dragon Ball Super Card Game,E-73,Energy Marker,DRAGON BALL SUPER FUSION WORLD JAPANESE MANGA BOOSTER 02,35555,10,3133.00,3479.68,438.23,367.97,-86%,GO,438.98
2026-04-19,88466157,Dragon Ball Super Card Game,E01-03,Energy Marker,Energy Marker Pack 01,16400,28,237.33,349.44,238.94,179.73,1%,保留,238.98
2026-04-19,89002149,Dragon Ball Super Card Game,FB01-090,Son Gohan : Childhood,Ultimate Battle Top Prize,7999,3,109.00,430.00,134.33,106.44,23%,保留,134.98
2026-04-19,155455140,Dragon Ball Super Card Game,SB01-023,Son Goku,Manga Booster 01,42000,14,1299.00,3500.00,514.64,433.80,-60%,GO,514.98
2026-04-19,145707960,Dragon Ball Super Card Game,E01-02,Energy Marker,Energy Marker Pack 01,16500,14,223.28,313.93,240.04,180.61,8%,保留,240.98
2026-04-19,153610059,Dragon Ball Super Card Game,FB03-139,Son Gohan : Youth Secret Rare-Alternate Art,Raging Roar,32000,1,611.78,611.78,402.23,336.96,-34%,GO,402.98
2026-04-19,95556152,Dragon Ball Super Card Game,E01-08,Energy Marker,Energy Marker Pack 01,8899,6,199.00,199.00,144.24,114.29,-28%,GO,144.98
2026-04-19,136817578,Dragon Ball Super Card Game,SB01-002,Android 16,Manga Booster 01,28000,3,340.00,305.89,350.58,302.06,3%,保留,350.98
2026-04-19,152778879,Dragon Ball Super Card Game,FB07-113,Bulma,Wish For Shenron,44997,5,1100.00,1588.28,544.98,459.95,-50%,GO,544.98
2026-04-24,135694642,Dragon Ball Super Card Game,FB04-095,Majin Buu : Kid FB04 Visual,Wish For Shenron,33333,1,877.88,877.88,344.28,297.91,-61%,GO,833.98
2026-04-24,149249712,One Piece Card Game,100,Jewelry Bonney,Carrying On His Will,11000,21,99.99,89.99,150.06,109.64,50%,NO-GO,
2026-04-24,149249706,One Piece Card Game,001,Nefeltari Vivi,Extra Booster -One Piece Heroines Edition-,12500,44,269.00,189.99,141.32,122.29,-47%,GO,255.98
2026-04-24,149249691,One Piece Card Game,001,Shanks,Emperors in the New World,16500,176,160.00,165.00,195.52,156.02,22%,保留,195.98
2026-04-24,149249689,One Piece Card Game,001,Sanji,Premium Booster -One Piece Card the Best-,12500,36,279.99,274.28,141.32,122.29,-50%,GO,265.98
2026-04-24,142394628,One Piece Card Game,110,Monkey D. Luffy,Premium Card Collection -One Piece DAY'25-,34000,50,290.00,273.09,350.86,303.61,21%,保留,350.98
2026-04-24,143657591,One Piece Card Game,111,Perona,The Azure Sea's Seven,14500,6,150.00,150.00,174.38,139.15,16%,保留,174.98
2026-04-24,143657587,One Piece Card Game,118,Sabo,Carrying On His Will,22500,105,139.45,139.40,258.93,206.62,86%,NO-GO,
2026-04-24,149249712,One Piece Card Game,100,Jewelry Bonney,Carrying On His Will,11000,21,99.99,89.99,150.06,109.64,50%,NO-GO,
2026-04-24,149249706,One Piece Card Game,001,Nefeltari Vivi,Extra Booster -One Piece Heroines Edition-,12500,44,269.00,189.99,141.32,122.29,-47%,GO,255.98
2026-04-24,149249691,One Piece Card Game,001,Shanks,Emperors in the New World,16500,176,160.00,165.00,195.52,156.02,22%,保留,195.98
2026-04-24,149249689,One Piece Card Game,001,Sanji,Premium Booster -One Piece Card the Best-,12500,36,279.99,274.28,141.32,122.29,-50%,GO,265.98
2026-04-24,142394628,One Piece Card Game,110,Monkey D. Luffy,Premium Card Collection -One Piece DAY'25-,34000,50,290.00,273.09,350.86,303.61,21%,保留,350.98
2026-04-24,143657591,One Piece Card Game,111,Perona,The Azure Sea's Seven,14500,6,150.00,150.00,174.38,139.15,16%,保留,174.98
2026-04-24,143657587,One Piece Card Game,118,Sabo,Carrying On His Will,22500,105,139.89,139.40,258.93,206.62,85%,NO-GO,
2026-04-24,149249712,One Piece Card Game,100,Jewelry Bonney,Carrying On His Will,11000,21,99.99,89.99,150.01,109.60,50%,NO-GO,
2026-04-24,149249706,One Piece Card Game,001,Nefeltari Vivi,Extra Booster -One Piece Heroines Edition-,12500,44,269.00,189.99,141.28,122.25,-47%,GO,255.98
2026-04-24,149249691,One Piece Card Game,001,Shanks,Emperors in the New World,16500,176,160.00,165.00,195.46,155.97,22%,保留,195.98
2026-04-24,149249689,One Piece Card Game,001,Sanji,Premium Booster -One Piece Card the Best-,12500,36,279.99,274.28,141.28,122.25,-50%,GO,265.98
2026-04-24,142394628,One Piece Card Game,110,Monkey D. Luffy,Premium Card Collection -One Piece DAY'25-,34000,50,290.00,273.09,350.75,303.51,21%,保留,350.98
2026-04-24,143657591,One Piece Card Game,111,Perona,The Azure Sea's Seven,14500,6,150.00,150.00,174.33,139.11,16%,保留,174.98
2026-04-24,143657587,One Piece Card Game,118,Sabo,Carrying On His Will,22500,105,139.89,139.40,258.85,206.56,85%,NO-GO,
2026-04-24,149249712,One Piece Card Game,100,Jewelry Bonney,Carrying On His Will,11000,21,99.99,89.99,149.96,109.57,50%,保留,149.98
2026-04-24,149249706,One Piece Card Game,001,Nefeltari Vivi,Extra Booster -One Piece Heroines Edition-,12500,44,269.00,189.99,141.23,122.21,-47%,GO,255.98
2026-04-24,149249691,One Piece Card Game,001,Shanks,Emperors in the New World,16500,176,160.00,165.00,195.39,155.92,22%,保留,195.98
2026-04-24,149249689,One Piece Card Game,001,Sanji,Premium Booster -One Piece Card the Best-,12500,36,279.99,274.28,141.23,122.21,-50%,GO,265.98
2026-04-24,142394628,One Piece Card Game,110,Monkey D. Luffy,Premium Card Collection -One Piece DAY'25-,34000,51,299.00,273.09,350.64,303.41,17%,保留,350.98
2026-04-24,143657591,One Piece Card Game,111,Perona,The Azure Sea's Seven,14500,6,150.00,150.00,174.27,139.06,16%,保留,174.98
2026-04-24,143657587,One Piece Card Game,118,Sabo,Carrying On His Will,22500,106,139.49,139.40,258.76,206.49,86%,NO-GO,
2026-04-24,149249712,One Piece Card Game,100,Jewelry Bonney,Carrying On His Will,11000,21,99.99,89.99,149.96,109.57,50%,保留,149.98
2026-04-24,149249691,One Piece Card Game,001,Shanks,Emperors in the New World,16500,176,160.00,165.00,195.39,155.92,22%,保留,195.98
2026-04-24,149249689,One Piece Card Game,001,Sanji,Premium Booster -One Piece Card the Best-,12500,36,279.99,274.28,141.23,122.21,-50%,GO,265.98
2026-04-24,142394628,One Piece Card Game,110,Monkey D. Luffy,Premium Card Collection -One Piece DAY'25-,34000,51,299.00,273.09,350.64,303.41,17%,保留,350.98
2026-04-24,149249712,One Piece Card Game,100,Jewelry Bonney,Carrying On His Will,11000,21,99.99,89.99,149.96,109.57,50%,保留,149.98
2026-04-24,149249706,One Piece Card Game,001,Nefeltari Vivi,Extra Booster -One Piece Heroines Edition-,12500,45,250.00,182.40,141.23,122.21,-44%,GO,237.98
2026-04-24,149249691,One Piece Card Game,001,Shanks,Emperors in the New World,16500,176,160.00,165.00,195.39,155.92,22%,保留,195.98
2026-04-24,149249689,One Piece Card Game,001,Sanji,Premium Booster -One Piece Card the Best-,12500,36,279.99,274.28,141.23,122.21,-50%,GO,265.98
2026-04-24,142394628,One Piece Card Game,110,Monkey D. Luffy,Premium Card Collection -One Piece DAY'25-,34000,51,299.00,273.09,350.64,303.41,17%,保留,350.98
2026-04-24,143657591,One Piece Card Game,111,Perona,The Azure Sea's Seven,14500,6,150.00,150.00,174.27,139.06,16%,保留,174.98
2026-04-24,149249712,One Piece Card Game,100,Jewelry Bonney,Carrying On His Will,11000,21,99.99,89.99,149.96,109.57,50%,保留,149.98
2026-04-24,149249706,One Piece Card Game,001,Nefeltari Vivi,Extra Booster -One Piece Heroines Edition-,12500,45,250.00,182.40,141.23,122.21,-44%,GO,237.98
2026-04-24,149249691,One Piece Card Game,001,Shanks,Emperors in the New World,16500,176,160.00,165.00,195.39,155.92,22%,保留,195.98
2026-04-24,149249689,One Piece Card Game,001,Sanji,Premium Booster -One Piece Card the Best-,12500,36,279.99,274.28,141.23,122.21,-50%,GO,265.98
2026-04-24,142394628,One Piece Card Game,110,Monkey D. Luffy,Premium Card Collection -One Piece DAY'25-,34000,51,299.00,273.09,350.64,303.41,17%,保留,350.98
2026-04-24,143657591,One Piece Card Game,111,Perona,The Azure Sea's Seven,14500,6,150.00,150.00,174.27,139.06,16%,保留,174.98
2026-04-24,149249712,One Piece Card Game,100,Jewelry Bonney,Carrying On His Will,11000,21,99.99,89.99,149.99,109.59,50%,NO-GO,
2026-04-24,149249706,One Piece Card Game,001,Nefeltari Vivi,Extra Booster -One Piece Heroines Edition-,12500,45,250.00,182.40,141.26,122.23,-43%,GO,237.98
2026-04-24,149249691,One Piece Card Game,001,Shanks,Emperors in the New World,16500,177,160.00,165.00,195.43,155.95,22%,保留,195.98
2026-04-24,149249689,One Piece Card Game,001,Sanji,Premium Booster -One Piece Card the Best-,12500,36,279.99,273.70,141.26,122.23,-50%,GO,265.98
2026-04-24,142394628,One Piece Card Game,110,Monkey D. Luffy,Premium Card Collection -One Piece DAY'25-,34000,51,299.00,273.09,350.70,303.47,17%,保留,350.98
2026-04-24,143657594,Gundam CCG,072,Hyaku-Shiki,Dual Impact,14500,2,120.00,,174.30,139.09,45%,保留,174.98
2026-04-24,143657591,One Piece Card Game,111,Perona,The Azure Sea's Seven,14500,6,150.00,150.00,174.30,139.09,16%,保留,174.98
2026-04-24,149249712,One Piece Card Game,100,Jewelry Bonney,Carrying On His Will,11000,21,99.99,89.99,149.99,109.59,50%,NO-GO,
2026-04-24,149249706,One Piece Card Game,001,Nefeltari Vivi,Extra Booster -One Piece Heroines Edition-,12500,45,250.00,182.40,141.26,122.23,-43%,GO,237.98
2026-04-24,149249691,One Piece Card Game,001,Shanks,Emperors in the New World,16500,177,160.00,165.00,195.43,155.95,22%,保留,195.98
2026-04-24,149249689,One Piece Card Game,001,Sanji,Premium Booster -One Piece Card the Best-,12500,36,279.99,273.70,141.26,122.23,-50%,GO,265.98
2026-04-24,142394628,One Piece Card Game,110,Monkey D. Luffy,Premium Card Collection -One Piece DAY'25-,34000,51,299.00,273.09,350.70,303.47,17%,保留,350.98
2026-04-24,143657595,Gundam CCG,069,Zeta Gundam,Dual Impact,16500,0,,,,,,先行出品,213.98
2026-04-24,143657594,Gundam CCG,072,Hyaku-Shiki,Dual Impact,14500,2,120.00,,174.30,139.09,45%,保留,174.98
2026-04-24,149249712,One Piece Card Game,100,Jewelry Bonney,Carrying On His Will,11000,21,99.99,89.99,149.99,109.59,50%,NO-GO,
2026-04-24,149249706,One Piece Card Game,001,Nefeltari Vivi,Extra Booster -One Piece Heroines Edition-,12500,45,250.00,182.40,141.26,122.23,-43%,GO,237.98
2026-04-24,149249691,One Piece Card Game,001,Shanks,Emperors in the New World,16500,177,160.00,165.00,195.43,155.95,22%,保留,195.98
2026-04-24,149249689,One Piece Card Game,001,Sanji,Premium Booster -One Piece Card the Best-,12500,36,279.99,273.70,141.26,122.23,-50%,GO,265.98
2026-04-24,142394628,One Piece Card Game,110,Monkey D. Luffy,Premium Card Collection -One Piece DAY'25-,34000,51,299.00,273.09,350.70,303.47,17%,保留,350.98
2026-04-24,143657595,Gundam CCG,069,Zeta Gundam,Dual Impact,16500,0,,,,,,先行出品,213.98
2026-04-24,143657594,Gundam CCG,072,Hyaku-Shiki,Dual Impact,14500,2,120.00,,174.30,139.09,45%,保留,174.98
2026-04-24,143657591,One Piece Card Game,111,Perona,The Azure Sea's Seven,14500,6,150.00,150.00,174.30,139.09,16%,保留,174.98
2026-04-24,149249712,One Piece Card Game,100,Jewelry Bonney,Carrying On His Will,11000,21,99.99,89.99,149.99,109.59,50%,NO-GO,
2026-04-24,149249706,One Piece Card Game,001,Nefeltari Vivi,Extra Booster -One Piece Heroines Edition-,12500,45,250.00,182.40,141.26,122.23,-43%,GO,237.98
2026-04-24,149249691,One Piece Card Game,001,Shanks,Emperors in the New World,16500,177,160.00,165.00,195.43,155.95,22%,保留,195.98
2026-04-24,149249689,One Piece Card Game,001,Sanji,Premium Booster -One Piece Card the Best-,12500,36,279.99,273.70,141.26,122.23,-50%,GO,265.98
2026-04-24,142394628,One Piece Card Game,110,Monkey D. Luffy,Premium Card Collection -One Piece DAY'25-,34000,51,299.00,273.09,350.70,303.47,17%,保留,350.98
2026-04-24,143657595,Gundam CCG,069,Zeta Gundam,Dual Impact,16500,0,,,,,,先行出品,213.98
2026-04-24,143657594,Gundam CCG,072,Hyaku-Shiki,Dual Impact,14500,2,120.00,,174.30,139.09,45%,保留,174.98
2026-04-24,143657591,One Piece Card Game,111,Perona,The Azure Sea's Seven,14500,6,150.00,150.00,174.30,139.09,16%,保留,174.98
2026-04-24,149249712,One Piece Card Game,100,Jewelry Bonney,Carrying On His Will,11000,21,99.99,89.99,149.99,109.59,50%,NO-GO,
2026-04-24,149249706,One Piece Card Game,001,Nefeltari Vivi,Extra Booster -One Piece Heroines Edition-,12500,45,250.00,182.40,141.26,122.23,-43%,GO,237.98
2026-04-24,149249691,One Piece Card Game,001,Shanks,Emperors in the New World,16500,176,160.00,165.00,195.43,155.95,22%,保留,195.98
2026-04-24,149249689,One Piece Card Game,001,Sanji,Premium Booster -One Piece Card the Best-,12500,36,279.99,273.70,141.26,122.23,-50%,GO,265.98
2026-04-24,142394628,One Piece Card Game,110,Monkey D. Luffy,Premium Card Collection -One Piece DAY'25-,34000,51,299.00,273.09,350.70,303.47,17%,保留,350.98
2026-04-24,143657595,Gundam CCG,069,Zeta Gundam,Dual Impact,16500,0,,,,,,先行出品,213.98
2026-04-24,143657594,Gundam CCG,072,Hyaku-Shiki,Dual Impact,14500,2,120.00,,174.30,139.09,45%,保留,174.98
2026-04-24,143657591,One Piece Card Game,111,Perona,The Azure Sea's Seven,14500,6,150.00,150.00,174.30,139.09,16%,保留,174.98
2026-04-24,143657590,One Piece Card Game,028,Portgas D. Ace,Carrying On His Will,24500,71,217.39,299.99,258.16,223.39,19%,保留,258.98
2026-04-24,143657587,One Piece Card Game,118,Sabo,Carrying On His Will,22500,106,139.49,139.40,258.81,206.53,86%,NO-GO,
2026-04-24,149249712,One Piece Card Game,100,Jewelry Bonney,Carrying On His Will,11000,21,99.99,89.99,149.99,109.59,50%,NO-GO,
2026-04-24,149249706,One Piece Card Game,001,Nefeltari Vivi,Extra Booster -One Piece Heroines Edition-,12500,45,250.00,182.40,141.26,122.23,-43%,GO,237.98
2026-04-24,149249691,One Piece Card Game,001,Shanks,Emperors in the New World,16500,177,160.00,165.00,195.43,155.95,22%,保留,195.98
2026-04-24,149249689,One Piece Card Game,001,Sanji,Premium Booster -One Piece Card the Best-,12500,35,273.70,273.70,141.26,122.23,-48%,GO,260.98
2026-04-24,142394628,One Piece Card Game,110,Monkey D. Luffy,Premium Card Collection -One Piece DAY'25-,34000,51,299.00,273.09,350.70,303.47,17%,保留,350.98
2026-04-24,143657595,Gundam CCG,069,Zeta Gundam,Dual Impact,16500,0,,,,,,先行出品,213.98
2026-04-24,143657594,Gundam CCG,072,Hyaku-Shiki,Dual Impact,14500,2,120.00,,174.30,139.09,45%,保留,174.98
2026-04-24,143657591,One Piece Card Game,111,Perona,The Azure Sea's Seven,14500,6,150.00,150.00,174.30,139.09,16%,保留,174.98
2026-04-24,143657590,One Piece Card Game,028,Portgas D. Ace,Carrying On His Will,24500,71,217.39,299.99,258.16,223.39,19%,保留,258.98
2026-04-24,143657587,One Piece Card Game,118,Sabo,Carrying On His Will,22500,106,139.49,139.40,258.81,206.53,86%,NO-GO,
2026-04-24,149249712,One Piece Card Game,100,Jewelry Bonney,Carrying On His Will,11000,21,99.99,89.99,149.99,109.59,50%,NO-GO,
2026-04-24,149249706,One Piece Card Game,001,Nefeltari Vivi,Extra Booster -One Piece Heroines Edition-,12500,45,250.00,182.40,141.26,122.23,-43%,GO,237.98
2026-04-24,149249691,One Piece Card Game,001,Shanks,Emperors in the New World,16500,177,160.00,165.00,195.43,155.95,22%,保留,195.98
2026-04-24,149249689,One Piece Card Game,001,Sanji,Premium Booster -One Piece Card the Best-,12500,35,273.70,273.70,141.26,122.23,-48%,GO,260.98
2026-04-24,142394628,One Piece Card Game,110,Monkey D. Luffy,Premium Card Collection -One Piece DAY'25-,34000,51,299.00,273.09,350.70,303.47,17%,保留,350.98
2026-04-24,143657595,Gundam CCG,069,Zeta Gundam,Dual Impact,16500,0,,,,,,先行出品,213.98
2026-04-24,143657594,Gundam CCG,072,Hyaku-Shiki,Dual Impact,14500,2,120.00,,174.30,139.09,45%,保留,174.98
2026-04-24,143657591,One Piece Card Game,111,Perona,The Azure Sea's Seven,14500,6,150.00,150.00,174.30,139.09,16%,保留,174.98
2026-04-24,143657590,One Piece Card Game,028,Portgas D. Ace,Carrying On His Will,24500,71,217.39,299.99,258.16,223.39,19%,保留,258.98
2026-04-24,143657587,One Piece Card Game,118,Sabo,Carrying On His Will,22500,106,139.49,139.40,258.81,206.53,86%,NO-GO,
2026-04-24,149249712,One Piece Card Game,100,Jewelry Bonney,Carrying On His Will,11000,21,99.99,89.99,149.99,109.59,50%,NO-GO,
2026-04-24,149249706,One Piece Card Game,001,Nefeltari Vivi,Extra Booster -One Piece Heroines Edition-,12500,45,250.00,182.40,141.26,122.23,-43%,GO,237.98
2026-04-24,149249691,One Piece Card Game,001,Shanks,Emperors in the New World,16500,176,160.00,165.00,195.43,155.95,22%,保留,195.98
2026-04-24,149249689,One Piece Card Game,001,Sanji,Premium Booster -One Piece Card the Best-,12500,35,273.70,273.70,141.26,122.23,-48%,GO,260.98
2026-04-24,142394628,One Piece Card Game,110,Monkey D. Luffy,Premium Card Collection -One Piece DAY'25-,34000,51,299.00,273.09,350.70,303.47,17%,保留,350.98
2026-04-24,143657595,Gundam CCG,069,Zeta Gundam,Dual Impact,16500,0,,,,,,先行出品,213.98
2026-04-24,143657594,Gundam CCG,072,Hyaku-Shiki,Dual Impact,14500,2,120.00,,174.30,139.09,45%,保留,174.98
2026-04-24,143657591,One Piece Card Game,111,Perona,The Azure Sea's Seven,14500,6,150.00,150.00,174.30,139.09,16%,保留,174.98
2026-04-24,143657590,One Piece Card Game,028,Portgas D. Ace,Carrying On His Will,24500,71,217.39,299.99,258.16,223.39,19%,保留,258.98
2026-04-24,143657587,One Piece Card Game,118,Sabo,Carrying On His Will,22500,106,139.49,139.40,258.81,206.53,86%,NO-GO,
2026-04-24,149249712,One Piece Card Game,100,Jewelry Bonney,Carrying On His Will,11000,12,109.99,105.00,137.39,109.63,25%,保留,137.98
2026-04-24,143657587,One Piece Card Game,118,Sabo,Carrying On His Will,22500,53,165.44,175.25,258.92,206.61,57%,NO-GO,
2026-04-25,149249712,One Piece Card Game,100,Jewelry Bonney,Carrying On His Will,11000,13,105.00,105.00,137.68,109.86,31%,保留,137.98
2026-04-25,143657587,One Piece Card Game,118,Sabo,Carrying On His Will,22500,51,185.00,175.25,259.47,207.05,40%,保留,259.98
2026-04-25,149249712,One Piece Card Game,100,Jewelry Bonney,Carrying On His Will,11000,13,105.00,105.00,137.68,109.86,31%,保留,137.98
2026-04-25,143657587,One Piece Card Game,118,Sabo,Carrying On His Will,22500,51,185.00,175.25,259.47,207.05,40%,保留,259.98
2026-04-25,149249712,One Piece Card Game,100,Jewelry Bonney,Carrying On His Will,11000,13,105.00,105.00,137.68,109.86,31%,保留,137.98
2026-04-25,143657587,One Piece Card Game,118,Sabo,Carrying On His Will,22500,51,185.00,175.25,259.47,207.05,40%,保留,259.98
2026-04-25,150088121,One Piece Card Game,078,Boa Hancock,Premium Booster -One Piece Card the Best-,17600,97,189.00,175.19,207.57,165.64,10%,保留,207.98
2026-04-25,149834506,One Piece Card Game,078,Boa Hancock,Romance Dawn,14444,97,189.00,175.19,174.15,138.97,-8%,GO,179.98
2026-04-25,149801531,One Piece Card Game,001,Shanks,Emperors in the New World,14000,86,204.90,220.90,156.26,135.22,-24%,GO,194.98
2026-04-25,143570665,One Piece Card Game,005,Monkey D. Luffy,Premium Booster -One Piece Card the Best- VOL.2,10399,0,,,,,,先行出品,143.98
2026-04-25,149249712,One Piece Card Game,100,Jewelry Bonney,Carrying On His Will,11000,13,105.00,105.00,137.68,109.86,31%,保留,137.98
2026-04-25,143657587,One Piece Card Game,118,Sabo,Carrying On His Will,22500,51,185.00,175.25,259.47,207.05,40%,保留,259.98
2026-04-25,142833360,One Piece Card Game,013,Boa Hancock,Premium Card Collection -Best Selection VOL.2-,16800,50,299.95,321.54,183.61,158.88,-39%,GO,284.98
2026-04-25,150088121,One Piece Card Game,078,Boa Hancock,Premium Booster -One Piece Card the Best-,17600,97,189.00,175.19,207.57,165.64,10%,保留,207.98
2026-04-25,149834506,One Piece Card Game,078,Boa Hancock,Romance Dawn,14444,97,189.00,175.19,174.15,138.97,-8%,GO,179.98
2026-04-25,149801531,One Piece Card Game,001,Shanks,Emperors in the New World,14000,86,204.90,220.90,156.26,135.22,-24%,GO,194.98
2026-04-25,150142378,One Piece Card Game,017,Nami,Promo Cards,12999,28,199.62,156.64,158.85,126.76,-20%,GO,189.98
2026-04-25,150185886,One Piece Card Game,016,Nami,25th Anniversary Premium Card Collection,11999,307,180.99,189.99,148.26,118.31,-18%,GO,171.98
2026-04-25,143570665,One Piece Card Game,005,Monkey D. Luffy,Premium Booster -One Piece Card the Best- VOL.2,10399,0,,,,,,先行出品,143.98
2026-04-25,143657587,One Piece Card Game,118,Sabo,Carrying On His Will,22500,52,175.83,175.83,259.47,207.05,48%,保留,259.98
2026-04-25,142833360,One Piece Card Game,013,Boa Hancock,Premium Card Collection -Best Selection VOL.2-,16800,48,299.95,299.95,183.61,158.88,-39%,GO,284.98
2026-04-25,150088121,One Piece Card Game,078,Boa Hancock,Premium Booster -One Piece Card the Best-,17600,97,189.00,175.77,207.57,165.64,10%,保留,207.98
2026-04-25,149834506,One Piece Card Game,078,Boa Hancock,Romance Dawn,14444,97,189.00,175.77,174.15,138.97,-8%,GO,179.98
2026-04-25,149801531,One Piece Card Game,001,Shanks,Emperors in the New World,14000,86,204.90,220.90,156.26,135.22,-24%,GO,194.98
2026-04-25,150142378,One Piece Card Game,017,Nami,Promo Cards,12999,28,199.62,148.81,158.85,126.76,-20%,GO,189.98
2026-04-25,150185886,One Piece Card Game,016,Nami,25th Anniversary Premium Card Collection,11999,313,181.99,189.99,148.26,118.31,-19%,GO,172.98
2026-04-25,143570665,One Piece Card Game,005,Monkey D. Luffy,Premium Booster -One Piece Card the Best- VOL.2,10399,0,,,,,,先行出品,143.98
2026-05-01,142833357,One Piece Card Game,057,Perfume Femur,Premium Card Collection -Best Selection VOL.4-,13800,2,89.99,74.95,186.02,135.92,107%,NO-GO,
2026-05-01,128629880,Pokemon,023,Flying Pikachu V 25th Anniversary Coll.,POKEMON JAPANESE 25TH ANNIVERSARY COLLECTION,21800,27,130.00,139.99,256.57,204.74,97%,NO-GO,
2026-05-01,139562275,Pokemon,223,Eevee Ex,POKEMON JAPANESE SV8A-TERASTAL FEST EX,18888,73,139.98,139.99,225.18,179.69,61%,NO-GO,
2026-05-01,120628342,Pokemon,246,Fa/Elesa's Sparkle Vstar Universe,POKEMON JAPANESE SWORD & SHIELD VSTAR UNIVERSE,11999,47,146.76,162.24,150.91,120.42,3%,保留,150.98
2026-05-01,137306154,Pokemon,105,Lillie's Ribombee Art,POKEMON JAPANESE SV9-BATTLE PARTNERS,10500,61,81.99,79.99,147.17,107.53,79%,NO-GO,
2026-05-01,143570681,One Piece Card Game,075,Monkey D. Luffy,Premium Booster -One Piece Card the Best- VOL.2,9888,25,189.99,180.00,128.15,102.26,-33%,GO,180.98
2026-05-01,143570679,One Piece Card Game,013,Monkey D. Luffy,The Azure Sea's Seven,9888,5,120.00,109.95,128.15,102.26,7%,保留,128.98
2026-05-01,146261748,One Piece Card Game,102,Nami,Promotion Card Set 2025,9000,15,124.99,205.90,118.58,94.63,-5%,GO,118.98
2026-05-01,88756207,One Piece Card Game,016,Nami Promotion Card Set 1,Promo Cards,20000,337,175.99,187.20,237.16,189.25,35%,保留,237.98
2026-05-01,141820414,One Piece Card Game,113,Jewelry Bonney Mini-Tin Ps VOL.2-Rokushiro,Mini-Tin Pack Set VOL.2,16500,1,188.10,,199.43,159.14,6%,保留,199.98
2026-05-01,141820371,One Piece Card Game,111,Nico Robin Mini-Tin Ps VOL.2-Rokushiro,Mini-Tin Pack Set VOL.2,25000,0,,,,,,先行出品,317.98
2026-05-01,142833357,One Piece Card Game,057,Perfume Femur,Premium Card Collection -Best Selection VOL.4-,13800,2,89.99,74.95,186.02,135.92,107%,NO-GO,
2026-05-01,138581760,Pokemon,001,Fa/Pikachu 25th Anniversary Coll.,POKEMON JAPANESE 25TH ANNIVERSARY COLLECTION,16500,460,115.00,115.00,199.43,159.14,73%,NO-GO,
2026-05-01,128629880,Pokemon,023,Flying Pikachu V 25th Anniversary Coll.,POKEMON JAPANESE 25TH ANNIVERSARY COLLECTION,21800,28,139.99,139.99,256.57,204.74,83%,NO-GO,
2026-05-01,139562275,Pokemon,223,Eevee Ex,POKEMON JAPANESE SV8A-TERASTAL FEST EX,18888,73,139.98,139.99,225.18,179.69,61%,NO-GO,
2026-05-01,120628342,Pokemon,246,Fa/Elesa's Sparkle Vstar Universe,POKEMON JAPANESE SWORD & SHIELD VSTAR UNIVERSE,11999,47,146.76,162.24,150.91,120.42,3%,保留,150.98
2026-05-01,137306154,Pokemon,105,Lillie's Ribombee Art,POKEMON JAPANESE SV9-BATTLE PARTNERS,10500,62,82.70,81.95,147.17,107.53,78%,NO-GO,
2026-05-01,143570681,One Piece Card Game,075,Monkey D. Luffy,Premium Booster -One Piece Card the Best- VOL.2,9888,26,199.00,180.00,128.15,102.26,-36%,GO,189.98
2026-05-01,143570679,One Piece Card Game,013,Monkey D. Luffy,The Azure Sea's Seven,9888,5,120.00,109.95,128.15,102.26,7%,保留,128.98
2026-05-01,146261748,One Piece Card Game,102,Nami,Promotion Card Set 2025,9000,16,140.00,205.90,118.58,94.63,-15%,GO,133.98
2026-05-01,88756207,One Piece Card Game,016,Nami,Promo Cards,20000,339,175.99,187.20,237.16,189.25,35%,保留,237.98
2026-05-01,141820414,One Piece Card Game,113,Jewelry Bonney Mini-Tin Ps VOL.2-Rokushiro,Mini-Tin Pack Set VOL.2,16500,2,149.98,149.98,199.43,159.14,33%,保留,199.98
2026-05-01,141820371,One Piece Card Game,111,Nico Robin Mini-Tin Ps VOL.2-Rokushiro,Mini-Tin Pack Set VOL.2,25000,2,294.00,,268.41,232.26,-9%,GO,279.98
2026-05-01,142833357,One Piece Card Game,057,Perfume Femur,Premium Card Collection -Best Selection VOL.4-,13800,2,89.99,74.95,186.10,135.98,107%,NO-GO,
2026-05-01,138581760,Pokemon,001,Fa/Pikachu 25th Anniversary Coll.,POKEMON JAPANESE 25TH ANNIVERSARY COLLECTION,16500,464,115.00,115.00,199.52,159.21,73%,NO-GO,
2026-05-01,139562275,Pokemon,223,Eevee Ex,POKEMON JAPANESE SV8A-TERASTAL FEST EX,18888,0,,,,,,先行出品,246.98
2026-05-01,137306154,Pokemon,105,Lillie's Ribombee Art,POKEMON JAPANESE SV9-BATTLE PARTNERS,10500,0,,,,,,先行出品,147.98
2026-05-01,146261748,One Piece Card Game,102,Nami,Promotion Card Set 2025,9000,0,,,,,,先行出品,129.98
2026-05-01,146518166,Pokemon,117,Lapras Ex Super,POKEMON JAPANESE SV7-STELLAR MIRACLE,10000,1,68.02,,141.35,103.27,108%,NO-GO,
2026-05-01,146518167,Pokemon,006,Pikachu Ex,POKEMON JAPANESE MP1-START DECK 100 BATTLE COLLECTION COROCIAO VERSION,17000,92,99.99,99.99,223.80,163.51,124%,NO-GO,
2026-05-01,120423131,Pokemon,224,Eevee Ex,POKEMON JAPANESE SV8A-TERASTAL FEST EX,18000,80,142.00,139.00,215.70,172.12,52%,NO-GO,
2026-05-01,75362620,Pokemon,056,Snorlax-Holo,POKEMON GO JAPANESE,15000,5,500.00,500.00,169.07,146.30,-66%,GO,475.98
2026-05-01,129814099,Pokemon,020,Pikachu Mcdonald's,POKEMON JAPANESE M-P PROMO,17000,1088,100.00,100.00,223.80,163.51,124%,NO-GO,
2026-05-01,142833357,One Piece Card Game,057,Perfume Femur,Premium Card Collection -Best Selection VOL.4-,13800,2,89.99,74.95,186.11,135.98,107%,NO-GO,
2026-05-01,138581760,Pokemon,001,Fa/Pikachu 25th Anniversary Coll.,POKEMON JAPANESE 25TH ANNIVERSARY COLLECTION,16500,464,115.00,115.00,199.53,159.22,74%,NO-GO,
2026-05-01,128629880,Pokemon,023,Flying Pikachu V 25th Anniversary Coll.,POKEMON JAPANESE 25TH ANNIVERSARY COLLECTION,21800,29,139.99,139.99,256.69,204.83,83%,NO-GO,
2026-05-01,139562275,Pokemon,223,Eevee Ex,POKEMON JAPANESE SV8A-TERASTAL FEST EX,18888,71,139.99,139.99,225.28,179.77,61%,NO-GO,
2026-05-01,137306154,Pokemon,105,Lillie's Ribombee Art,POKEMON JAPANESE SV9-BATTLE PARTNERS,10500,62,81.99,79.99,147.24,107.58,80%,NO-GO,
2026-05-01,146518166,Pokemon,117,Lapras Ex Super,POKEMON JAPANESE SV7-STELLAR MIRACLE,10000,1,68.02,,141.35,103.28,108%,NO-GO,
2026-05-01,146518167,Pokemon,006,Pikachu Ex,POKEMON JAPANESE MP1-START DECK 100 BATTLE COLLECTION COROCIAO VERSION,17000,92,99.99,99.99,223.81,163.52,124%,NO-GO,
2026-05-01,143595907,Pokemon,055,Ho-Oh V Incandescent Arcana,POKEMON JAPANESE SWORD & SHIELD INCANDESCENT ARCANA,9500,3,129.99,150.00,124.03,98.97,-5%,GO,123.98
2026-05-01,144491679,Pokemon,238,Mega Diancie Ex,POKEMON JAPANESE M2A-MEGA DREAM EX,17000,15,152.90,152.90,204.92,163.52,34%,保留,204.98
2026-05-01,120423131,Pokemon,224,Eevee Ex,POKEMON JAPANESE SV8A-TERASTAL FEST EX,18000,80,142.00,139.00,215.71,172.13,52%,NO-GO,
2026-05-01,129814099,Pokemon,020,Pikachu Mcdonald's,POKEMON JAPANESE M-P PROMO,17000,1086,100.00,100.00,223.81,163.52,124%,NO-GO,
2026-05-01,138765472,Pokemon,108,Fa/Rayquaza Vmax Vstar Universe,POKEMON JAPANESE SWORD & SHIELD VSTAR UNIVERSE,25800,26,266.97,267.00,276.50,239.26,4%,保留,276.98
2026-05-01,116902312,Pokemon,223,Eevee Ex,POKEMON JAPANESE SV8A-TERASTAL FEST EX,21000,71,139.99,139.99,248.06,197.95,77%,NO-GO,
2026-05-01,141530622,Pokemon,048,Fa/Umbreon Vmax Eevee Heroes,POKEMON JAPANESE SWORD & SHIELD EEVEE HEROES,13999,0,,,,,,先行出品,188.98
2026-05-01,150033460,Pokemon,088,Gengar Ex Super,POKEMON JAPANESE SV5K-WILD FORCE,27999,6,229.99,201.00,298.37,258.18,30%,保留,298.98
2026-05-01,143375497,Pokemon,074,Fa/Gengar Dark Phantasma,POKEMON JAPANESE SWORD & SHIELD DARK PHANTASMA,19000,93,149.89,149.00,226.49,180.74,51%,NO-GO,
2026-05-01,139761885,Pokemon,071,Gengar-Holo Shiny Star V,POKEMON JAPANESE SWORD & SHIELD SHINY STAR V,12480,30,139.99,140.00,156.17,124.62,12%,保留,156.98
2026-05-01,139307688,Pokemon,115,Charizard Ex,POKEMON JAPANESE SV4A-SHINY TREASURE EX,8999,74,150.00,150.00,118.63,94.66,-21%,GO,142.98
2026-05-01,131017208,Pokemon,011,Radiant Charizard,POKEMON GO JAPANESE,25000,60,250.00,250.00,268.54,232.37,7%,保留,268.98
2026-05-01,142833357,One Piece Card Game,057,Perfume Femur,Premium Card Collection -Best Selection VOL.4-,13800,2,89.99,74.95,186.03,135.92,107%,NO-GO,
2026-05-01,138581760,Pokemon,001,Fa/Pikachu 25th Anniversary Coll.,POKEMON JAPANESE 25TH ANNIVERSARY COLLECTION,16500,463,115.00,115.00,199.44,159.15,73%,NO-GO,
2026-05-01,128629880,Pokemon,023,Flying Pikachu V 25th Anniversary Coll.,POKEMON JAPANESE 25TH ANNIVERSARY COLLECTION,21800,29,139.99,139.99,256.58,204.75,83%,NO-GO,
2026-05-01,139562275,Pokemon,223,Eevee Ex,POKEMON JAPANESE SV8A-TERASTAL FEST EX,18888,71,139.99,139.99,225.19,179.69,61%,NO-GO,
2026-05-01,137306154,Pokemon,105,Lillie's Ribombee Art,POKEMON JAPANESE SV9-BATTLE PARTNERS,10500,62,81.99,81.95,147.18,107.53,80%,NO-GO,
2026-05-01,146518166,Pokemon,117,Lapras Ex Super,POKEMON JAPANESE SV7-STELLAR MIRACLE,10000,6,66.59,66.59,141.29,103.23,112%,NO-GO,
2026-05-01,146518167,Pokemon,006,Pikachu Ex,POKEMON JAPANESE MP1-START DECK 100 BATTLE COLLECTION COROCIAO VERSION,17000,91,99.99,99.99,223.71,163.45,124%,NO-GO,
2026-05-01,143595907,Pokemon,055,Ho-Oh V Incandescent Arcana,POKEMON JAPANESE SWORD & SHIELD INCANDESCENT ARCANA,9500,4,150.00,150.00,123.98,98.93,-17%,GO,142.98
2026-05-01,144491679,Pokemon,238,Mega Diancie Ex,POKEMON JAPANESE M2A-MEGA DREAM EX,17000,15,152.90,152.90,204.83,163.45,34%,保留,204.98
2026-05-01,120423131,Pokemon,224,Eevee Ex,POKEMON JAPANESE SV8A-TERASTAL FEST EX,18000,80,142.00,139.00,215.61,172.05,52%,NO-GO,
2026-05-01,129814099,Pokemon,020,Pikachu Mcdonald's,POKEMON JAPANESE M-P PROMO,17000,1085,100.00,100.00,223.71,163.45,124%,NO-GO,
2026-05-01,140727201,Pokemon,071,Misty's Psyduck Art,POKEMON JAPANESE SV9A-HEAT WAVE ARENA,19000,69,160.00,164.45,226.39,180.66,41%,保留,226.98
2026-05-01,137607102,Pokemon,017,Psyduck Remix Bout,POKEMON JAPANESE SUN & MOON REMIX BOUT,14800,1,279.80,279.80,167.02,144.53,-40%,GO,265.98
2026-05-01,116902312,Pokemon,223,Eevee Ex,POKEMON JAPANESE SV8A-TERASTAL FEST EX,21000,71,139.99,139.99,247.95,197.86,77%,NO-GO,
2026-05-01,150033460,Pokemon,088,Gengar Ex Super,POKEMON JAPANESE SV5K-WILD FORCE,27999,59,350.00,259.99,298.24,258.07,-15%,GO,332.98
2026-05-01,143375497,Pokemon,074,Fa/Gengar Dark Phantasma,POKEMON JAPANESE SWORD & SHIELD DARK PHANTASMA,19000,98,149.00,149.00,226.39,180.66,52%,NO-GO,
2026-05-01,139761885,Pokemon,071,Gengar-Holo Shiny Star V,POKEMON JAPANESE SWORD & SHIELD SHINY STAR V,12480,32,139.99,140.00,156.10,124.57,12%,保留,156.98
2026-05-01,131017208,Pokemon,011,Radiant Charizard,POKEMON GO JAPANESE,25000,60,250.00,250.00,268.43,232.27,7%,保留,268.98
2026-05-01,142833357,One Piece Card Game,057,Perfume Femur,Premium Card Collection -Best Selection VOL.4-,13800,2,89.99,74.95,186.03,135.92,107%,NO-GO,
2026-05-01,138581760,Pokemon,001,Fa/Pikachu 25th Anniversary Coll.,POKEMON JAPANESE 25TH ANNIVERSARY COLLECTION,16500,462,115.00,115.00,199.44,159.15,73%,NO-GO,
2026-05-01,128629880,Pokemon,023,Flying Pikachu V 25th Anniversary Coll.,POKEMON JAPANESE 25TH ANNIVERSARY COLLECTION,21800,29,139.99,139.99,256.58,204.75,83%,NO-GO,
2026-05-01,139562275,Pokemon,223,Eevee Ex,POKEMON JAPANESE SV8A-TERASTAL FEST EX,18888,71,139.99,139.99,225.19,179.69,61%,NO-GO,
2026-05-01,137306154,Pokemon,105,Lillie's Ribombee Art,POKEMON JAPANESE SV9-BATTLE PARTNERS,10500,62,81.99,81.95,147.18,107.53,80%,NO-GO,
2026-05-01,146518166,Pokemon,117,Lapras Ex Super,POKEMON JAPANESE SV7-STELLAR MIRACLE,10000,6,66.59,66.59,141.29,103.23,112%,NO-GO,
2026-05-01,146518167,Pokemon,006,Pikachu Ex,POKEMON JAPANESE MP1-START DECK 100 BATTLE COLLECTION COROCIAO VERSION,17000,91,99.99,99.99,223.71,163.45,124%,NO-GO,
2026-05-01,143595907,Pokemon,055,Ho-Oh V Incandescent Arcana,POKEMON JAPANESE SWORD & SHIELD INCANDESCENT ARCANA,9500,4,150.00,150.00,123.98,98.93,-17%,GO,142.98
2026-05-01,144491679,Pokemon,238,Mega Diancie Ex,POKEMON JAPANESE M2A-MEGA DREAM EX,17000,15,152.90,152.90,204.83,163.45,34%,保留,204.98
2026-05-01,120423131,Pokemon,224,Eevee Ex,POKEMON JAPANESE SV8A-TERASTAL FEST EX,18000,80,142.00,139.00,215.61,172.05,52%,NO-GO,
2026-05-01,129814099,Pokemon,020,Pikachu Mcdonald's,POKEMON JAPANESE M-P PROMO,17000,1085,100.00,100.00,223.71,163.45,124%,NO-GO,
2026-05-01,147571967,Pokemon,224,Fa/Lucario & Mlmtl.gx Tag Team Gx All Stars,POKEMON JAPANESE SUN & MOON TAG TEAM GX ALL STARS,15000,0,,,,,,先行出品,200.98
2026-05-01,140727201,Pokemon,071,Misty's Psyduck Art,POKEMON JAPANESE SV9A-HEAT WAVE ARENA,19000,69,160.00,164.45,226.39,180.66,41%,保留,226.98
2026-05-01,137607102,Pokemon,017,Psyduck Remix Bout,POKEMON JAPANESE SUN & MOON REMIX BOUT,14800,1,279.80,279.80,167.02,144.53,-40%,GO,265.98
2026-05-01,138765472,Pokemon,108,Fa/Rayquaza Vmax Vstar Universe,POKEMON JAPANESE SWORD & SHIELD VSTAR UNIVERSE,25800,26,266.97,267.00,276.38,239.16,4%,保留,276.98
2026-05-01,116902312,Pokemon,223,Eevee Ex,POKEMON JAPANESE SV8A-TERASTAL FEST EX,21000,71,139.99,139.99,247.95,197.86,77%,NO-GO,
2026-05-01,121403536,Pokemon,093,Umbreon Ex,POKEMON JAPANESE SV8A-TERASTAL FEST EX,19800,83,59.99,60.00,282.74,187.54,371%,NO-GO,
2026-05-01,141530622,Pokemon,048,Fa/Umbreon Vmax Eevee Heroes,POKEMON JAPANESE SWORD & SHIELD EEVEE HEROES,13999,37,120.00,139.95,172.48,137.64,44%,保留,172.98
2026-05-01,150033460,Pokemon,088,Gengar Ex Super,POKEMON JAPANESE SV5K-WILD FORCE,27999,59,350.00,259.99,298.24,258.07,-15%,GO,332.98
2026-05-01,143375497,Pokemon,074,Fa/Gengar Dark Phantasma,POKEMON JAPANESE SWORD & SHIELD DARK PHANTASMA,19000,98,149.00,149.00,226.39,180.66,52%,NO-GO,
2026-05-01,139761885,Pokemon,071,Gengar-Holo Shiny Star V,POKEMON JAPANESE SWORD & SHIELD SHINY STAR V,12480,32,139.99,140.00,156.10,124.57,12%,保留,156.98
2026-05-01,139761896,Pokemon,002,Fa/Gengar Vmax Gengar Vmax High-Cls.dk.,POKEMON JAPANESE SWORD & SHIELD GENGAR VMAX HIGH-CLASS DECK,19780,1,144.99,,234.80,187.37,62%,NO-GO,
2026-05-01,83387976,Pokemon,7,Charizard Gx Detective Pikachu,POKEMON JAPANESE SUN & MOON DETECTIVE PIKACHU,27500,4,500.00,500.00,293.28,253.78,-41%,GO,475.98
2026-05-01,139307688,Pokemon,115,Charizard Ex,POKEMON JAPANESE SV4A-SHINY TREASURE EX,8999,74,150.00,150.00,118.58,94.62,-21%,GO,142.98
2026-05-01,142833357,One Piece Card Game,057,Perfume Femur,Premium Card Collection -Best Selection VOL.4-,13800,2,89.99,74.95,186.04,135.93,107%,NO-GO,
2026-05-01,138581760,Pokemon,001,Fa/Pikachu 25th Anniversary Coll.,POKEMON JAPANESE 25TH ANNIVERSARY COLLECTION,16500,464,115.00,115.00,199.45,159.16,73%,NO-GO,
2026-05-01,128629880,Pokemon,023,Flying Pikachu V 25th Anniversary Coll.,POKEMON JAPANESE 25TH ANNIVERSARY COLLECTION,21800,29,139.99,139.99,256.59,204.75,83%,NO-GO,
2026-05-01,139562275,Pokemon,223,Eevee Ex,POKEMON JAPANESE SV8A-TERASTAL FEST EX,18888,71,139.99,139.99,225.19,179.70,61%,NO-GO,
2026-05-01,137306154,Pokemon,105,Lillie's Ribombee Art,POKEMON JAPANESE SV9-BATTLE PARTNERS,10500,62,81.99,81.95,147.18,107.54,80%,NO-GO,
2026-05-01,146518166,Pokemon,117,Lapras Ex Super,POKEMON JAPANESE SV7-STELLAR MIRACLE,10000,6,66.59,66.59,141.30,103.24,112%,NO-GO,
2026-05-01,146518167,Pokemon,006,Pikachu Ex,POKEMON JAPANESE MP1-START DECK 100 BATTLE COLLECTION COROCIAO VERSION,17000,91,99.99,99.99,223.72,163.46,124%,NO-GO,
2026-05-01,143595907,Pokemon,055,Ho-Oh V Incandescent Arcana,POKEMON JAPANESE SWORD & SHIELD INCANDESCENT ARCANA,9500,4,150.00,150.00,123.98,98.93,-17%,GO,142.98
2026-05-01,144491679,Pokemon,238,Mega Diancie Ex,POKEMON JAPANESE M2A-MEGA DREAM EX,17000,15,152.90,152.90,204.84,163.46,34%,保留,204.98
2026-05-01,120423131,Pokemon,224,Eevee Ex,POKEMON JAPANESE SV8A-TERASTAL FEST EX,18000,80,142.00,139.00,215.62,172.06,52%,NO-GO,
2026-05-01,129814099,Pokemon,020,Pikachu Mcdonald's,POKEMON JAPANESE M-P PROMO,17000,1085,100.00,100.00,223.72,163.46,124%,NO-GO,
2026-05-01,147571967,Pokemon,224,Fa/Lucario & Mlmtl.gx Tag Team Gx All Stars,POKEMON JAPANESE SUN & MOON TAG TEAM GX ALL STARS,15000,0,,,,,,先行出品,200.98
2026-05-01,140727201,Pokemon,071,Misty's Psyduck Art,POKEMON JAPANESE SV9A-HEAT WAVE ARENA,19000,68,164.45,164.49,226.40,180.66,38%,保留,226.98
2026-05-01,137607102,Pokemon,017,Psyduck Remix Bout,POKEMON JAPANESE SUN & MOON REMIX BOUT,14800,1,279.80,279.80,167.03,144.53,-40%,GO,265.98
2026-05-01,138765472,Pokemon,108,Fa/Rayquaza Vmax Vstar Universe,POKEMON JAPANESE SWORD & SHIELD VSTAR UNIVERSE,25800,26,266.97,267.00,276.39,239.16,4%,保留,276.98
2026-05-01,116902312,Pokemon,223,Eevee Ex,POKEMON JAPANESE SV8A-TERASTAL FEST EX,21000,71,139.99,139.99,247.96,197.87,77%,NO-GO,
2026-05-01,141530622,Pokemon,048,Fa/Umbreon Vmax Eevee Heroes,POKEMON JAPANESE SWORD & SHIELD EEVEE HEROES,13999,37,120.00,139.95,172.49,137.64,44%,保留,172.98
2026-05-01,150033460,Pokemon,088,Gengar Ex Super,POKEMON JAPANESE SV5K-WILD FORCE,27999,59,350.00,259.99,298.25,258.08,-15%,GO,332.98
2026-05-01,143375497,Pokemon,074,Fa/Gengar Dark Phantasma,POKEMON JAPANESE SWORD & SHIELD DARK PHANTASMA,19000,98,149.00,149.00,226.40,180.66,52%,NO-GO,
2026-05-01,139761885,Pokemon,071,Gengar-Holo Shiny Star V,POKEMON JAPANESE SWORD & SHIELD SHINY STAR V,12480,32,139.99,140.00,156.11,124.57,12%,保留,156.98
2026-05-01,139761896,Pokemon,002,Fa/Gengar Vmax Gengar Vmax High-Cls.dk.,POKEMON JAPANESE SWORD & SHIELD GENGAR VMAX HIGH-CLASS DECK,19780,1,144.99,,234.81,187.37,62%,NO-GO,
2026-05-01,83387976,Pokemon,7,Charizard Gx Detective Pikachu,POKEMON JAPANESE SUN & MOON DETECTIVE PIKACHU,27500,4,500.00,500.00,293.29,253.79,-41%,GO,475.98
2026-05-01,139307688,Pokemon,115,Charizard Ex,POKEMON JAPANESE SV4A-SHINY TREASURE EX,8999,74,150.00,150.00,118.58,94.62,-21%,GO,142.98
2026-05-01,131017208,Pokemon,011,Radiant Charizard,POKEMON GO JAPANESE,25000,59,250.00,250.00,268.43,232.28,7%,保留,268.98
2026-05-02,142833357,One Piece Card Game,057,Perfume Femur,Premium Card Collection -Best Selection VOL.4-,13800,2,89.99,74.95,186.01,135.91,107%,NO-GO,
2026-05-02,138581760,Pokemon,001,Fa/Pikachu 25th Anniversary Coll.,POKEMON JAPANESE 25TH ANNIVERSARY COLLECTION,16500,459,111.00,111.00,199.42,159.13,80%,NO-GO,
2026-05-02,128629880,Pokemon,023,Flying Pikachu V 25th Anniversary Coll.,POKEMON JAPANESE 25TH ANNIVERSARY COLLECTION,21800,28,131.99,125.00,256.55,204.72,94%,NO-GO,
2026-05-02,139562275,Pokemon,223,Eevee Ex,POKEMON JAPANESE SV8A-TERASTAL FEST EX,18888,72,139.99,139.99,225.16,179.67,61%,NO-GO,
2026-05-02,137306154,Pokemon,105,Lillie's Ribombee Art,POKEMON JAPANESE SV9-BATTLE PARTNERS,10500,64,82.70,81.95,147.16,107.52,78%,NO-GO,
2026-05-02,146518166,Pokemon,117,Lapras Ex Super,POKEMON JAPANESE SV7-STELLAR MIRACLE,10000,6,66.59,66.59,141.27,103.22,112%,NO-GO,
2026-05-02,146518167,Pokemon,006,Pikachu Ex,POKEMON JAPANESE MP1-START DECK 100 BATTLE COLLECTION COROCIAO VERSION,17000,83,100.00,100.00,223.68,163.43,124%,NO-GO,
2026-05-02,143595907,Pokemon,055,Ho-Oh V Incandescent Arcana,POKEMON JAPANESE SWORD & SHIELD INCANDESCENT ARCANA,9500,6,142.98,116.40,123.96,98.92,-13%,GO,135.98
2026-05-02,144491679,Pokemon,238,Mega Diancie Ex,POKEMON JAPANESE M2A-MEGA DREAM EX,17000,16,152.95,152.90,204.81,163.43,34%,保留,204.98
2026-05-02,120423131,Pokemon,224,Eevee Ex,POKEMON JAPANESE SV8A-TERASTAL FEST EX,18000,77,149.69,139.00,215.59,172.03,44%,保留,215.98
2026-05-02,129814099,Pokemon,020,Pikachu Mcdonald's,POKEMON JAPANESE M-P PROMO,17000,1098,100.00,100.00,223.68,163.43,124%,NO-GO,
2026-05-02,147571967,Pokemon,224,Fa/Lucario & Mlmtl.gx Tag Team Gx All Stars,POKEMON JAPANESE SUN & MOON TAG TEAM GX ALL STARS,15000,1,200.98,,168.99,146.23,-16%,GO,190.98
2026-05-02,140727201,Pokemon,071,Misty's Psyduck Art,POKEMON JAPANESE SV9A-HEAT WAVE ARENA,19000,69,164.49,164.49,226.36,180.63,38%,保留,226.98
2026-05-02,137607102,Pokemon,017,Psyduck Remix Bout,POKEMON JAPANESE SUN & MOON REMIX BOUT,14800,2,279.80,279.80,167.00,144.51,-40%,GO,265.98
2026-05-02,138765472,Pokemon,108,Fa/Rayquaza Vmax Vstar Universe,POKEMON JAPANESE SWORD & SHIELD VSTAR UNIVERSE,25800,29,264.00,264.00,276.34,239.13,5%,保留,276.98
2026-05-02,116902312,Pokemon,223,Eevee Ex,POKEMON JAPANESE SV8A-TERASTAL FEST EX,21000,72,139.99,139.99,247.92,197.84,77%,NO-GO,
2026-05-02,121403536,Pokemon,093,Umbreon Ex,POKEMON JAPANESE SV8A-TERASTAL FEST EX,19800,82,59.99,60.00,282.70,187.52,371%,NO-GO,
2026-05-02,141530622,Pokemon,048,Fa/Umbreon Vmax Eevee Heroes,POKEMON JAPANESE SWORD & SHIELD EEVEE HEROES,13999,37,130.95,139.95,172.46,137.62,32%,保留,172.98
2026-05-02,150033460,Pokemon,088,Gengar Ex Super,POKEMON JAPANESE SV5K-WILD FORCE,27999,59,350.00,259.99,298.20,258.04,-15%,GO,332.98
2026-05-02,143375497,Pokemon,074,Fa/Gengar Dark Phantasma,POKEMON JAPANESE SWORD & SHIELD DARK PHANTASMA,19000,99,149.98,149.90,226.36,180.63,51%,NO-GO,
2026-05-02,139761885,Pokemon,071,Gengar-Holo Shiny Star V,POKEMON JAPANESE SWORD & SHIELD SHINY STAR V,12480,33,139.99,140.00,156.08,124.55,11%,保留,156.98
2026-05-02,139761896,Pokemon,002,Fa/Gengar Vmax Gengar Vmax High-Cls.dk.,POKEMON JAPANESE SWORD & SHIELD GENGAR VMAX HIGH-CLASS DECK,19780,1,144.99,,234.77,187.34,62%,NO-GO,
2026-05-02,83387976,Pokemon,7,Charizard Gx Detective Pikachu,POKEMON JAPANESE SUN & MOON DETECTIVE PIKACHU,14442,4,500.00,500.00,163.44,141.43,-67%,GO,475.98
2026-05-02,139307688,Pokemon,115,Charizard Ex,POKEMON JAPANESE SV4A-SHINY TREASURE EX,12221,77,142.98,150.00,153.29,122.32,7%,保留,153.98
2026-05-02,131017208,Pokemon,011,Radiant Charizard,POKEMON GO JAPANESE,8997,58,250.00,249.00,109.31,94.59,-56%,GO,237.98
2026-05-02,149883973,One Piece Card Game,006,Tony Tony Chopper,25th Anniversary Premium Card Collection,15997,18,2291.40,2291.40,178.90,154.80,-92%,GO,2176.98
2026-05-02,149883965,One Piece Card Game,007,Nami Premium Card Coll -Film Red-,Premium Card Collection -One Piece Film Red-,9997,159,198.99,193.77,129.32,103.19,-35%,GO,189.98
2026-05-02,150849687,One Piece Card Game,001,Roronoa Zoro,25th Anniversary Premium Card Collection,12998,83,300.00,299.94,149.09,129.01,-50%,GO,285.98
2026-05-02,150849690,One Piece Card Game,008,Nico Robin,25th Anniversary Premium Card Collection,8997,44,187.99,162.09,118.54,94.59,-37%,GO,178.98
2026-05-02,150849703,One Piece Card Game,041,Monkey D. Luffy,Promo Cards,14444,79,219.99,219.99,163.46,141.45,-26%,GO,208.98
2026-05-02,149883963,One Piece Card Game,013,Roronoa Zoro Premium Card Coll -Film Red-,Premium Card Collection -One Piece Film Red-,9999,41,250.00,269.99,119.28,103.21,-52%,GO,237.98
2026-05-02,146847321,One Piece Card Game,061,Uta,Extra Booster -One Piece Heroines Edition-,9999,23,1122.99,1120.00,119.28,103.21,-89%,GO,1066.98
2026-05-02,142170100,One Piece Card Game,007,Jewelry Bonney,Two Legends,26500,45,336.00,350.00,283.30,245.15,-16%,GO,319.98
2026-05-02,149926805,One Piece Card Game,109,Monkey D. Luffy,500 Years in the Future,11500,158,132.85,125.99,145.52,116.12,10%,保留,145.98
2026-05-02,111141823,One Piece Card Game,024,Monkey D. Luffy,Premium Booster -One Piece Card the Best-,14999,45,200.00,199.99,183.24,146.22,-8%,GO,190.98
2026-05-03,149249689,One Piece Card Game,001,Sanji,Premium Booster -One Piece Card the Best-,12000,25,184.20,137.00,150.91,120.42,-18%,GO,174.98
2026-05-03,142833357,One Piece Card Game,057,Perfume Femur,Premium Card Collection -Best Selection VOL.4-,13800,2,89.99,74.95,186.01,135.91,107%,NO-GO,
2026-05-03,107426544,One Piece Card Game,019,Jewelry Bonney Weekly Shonen Jump '24-#35,Promo Cards,8200,39,135.00,109.98,109.95,87.74,-19%,GO,128.98
2026-05-03,138581760,Pokemon,001,Fa/Pikachu 25th Anniversary Coll.,POKEMON JAPANESE 25TH ANNIVERSARY COLLECTION,16500,470,115.00,115.00,199.42,159.13,73%,NO-GO,
2026-05-03,128629880,Pokemon,023,Flying Pikachu V 25th Anniversary Coll.,POKEMON JAPANESE 25TH ANNIVERSARY COLLECTION,18999,30,134.99,125.00,226.35,180.63,68%,NO-GO,
2026-05-03,139562275,Pokemon,223,Eevee Ex,POKEMON JAPANESE SV8A-TERASTAL FEST EX,18888,75,139.99,149.00,225.16,179.67,61%,NO-GO,
2026-05-03,120628342,Pokemon,246,Fa/Elesa's Sparkle Vstar Universe,POKEMON JAPANESE SWORD & SHIELD VSTAR UNIVERSE,10899,48,139.99,164.21,139.04,110.95,-1%,GO,132.98
2026-05-03,137306154,Pokemon,105,Lillie's Ribombee Art,POKEMON JAPANESE SV9-BATTLE PARTNERS,8400,64,82.99,79.59,122.44,89.46,48%,保留,122.98
2026-05-03,114060943,One Piece Card Game,057,Shirahoshi,A Fist of Divine Speed,0,49,223.40,197.00,19.88,17.20,-91%,GO,212.98
2026-05-03,154361987,One Piece Card Game,001,Monkey D. Luffy Ichiban Kuji Purchase Bonus,Promo Cards,16500,99,225.00,225.00,183.90,159.13,-18%,GO,213.98
2026-05-03,149927533,One Piece Card Game,112,Nami Mini-Tin Pk Set VOL.2-Bisai,Mini-Tin Pack Set VOL.2,16500,18,255.00,255.00,183.90,159.13,-28%,GO,242.98
2026-05-03,146518166,Pokemon,117,Lapras Ex Super,POKEMON JAPANESE SV7-STELLAR MIRACLE,9900,6,66.59,66.59,140.10,102.36,110%,NO-GO,
2026-05-03,146518167,Pokemon,006,Pikachu Ex,POKEMON JAPANESE MP1-START DECK 100 BATTLE COLLECTION COROCIAO VERSION,16500,83,100.00,100.00,217.80,159.13,118%,NO-GO,
2026-05-03,120423131,Pokemon,224,Eevee Ex,POKEMON JAPANESE SV8A-TERASTAL FEST EX,18000,77,144.70,139.00,215.59,172.03,49%,保留,215.98
2026-05-03,129814099,Pokemon,020,Pikachu Mcdonald's,POKEMON JAPANESE M-P PROMO,16000,1103,100.00,100.00,211.91,154.83,112%,NO-GO,
2026-05-03,138765472,Pokemon,108,Fa/Rayquaza Vmax Vstar Universe,POKEMON JAPANESE SWORD & SHIELD VSTAR UNIVERSE,25800,32,264.00,264.00,276.34,239.13,5%,保留,276.98
2026-05-03,116902312,Pokemon,223,Eevee Ex,POKEMON JAPANESE SV8A-TERASTAL FEST EX,20000,75,139.99,149.00,237.14,189.24,69%,NO-GO,
2026-05-03,121403536,Pokemon,093,Umbreon Ex,POKEMON JAPANESE SV8A-TERASTAL FEST EX,18888,82,59.99,69.99,270.87,179.67,352%,NO-GO,
2026-05-03,150033460,Pokemon,088,Gengar Ex Super,POKEMON JAPANESE SV5K-WILD FORCE,27999,59,350.00,317.64,298.20,258.04,-15%,GO,332.98
2026-05-03,143375497,Pokemon,074,Fa/Gengar Dark Phantasma,POKEMON JAPANESE SWORD & SHIELD DARK PHANTASMA,19000,98,149.98,149.90,226.36,180.63,51%,NO-GO,
2026-05-03,139761896,Pokemon,002,Fa/Gengar Vmax Gengar Vmax High-Cls.dk.,POKEMON JAPANESE SWORD & SHIELD GENGAR VMAX HIGH-CLASS DECK,19780,1,144.99,,234.77,187.34,62%,NO-GO,
2026-05-03,146711355,Pokemon,008,Snorlax SD.100 Corocoro Comic Ver.,POKEMON JAPANESE SWORD & SHIELD START DECK 100 COROCORO COMIC VERSION,12221,0,,,,,,先行出品,167.98
2026-05-03,131017208,Pokemon,011,Radiant Charizard,POKEMON GO JAPANESE,8997,56,244.87,202.99,109.31,94.59,-55%,GO,232.98
2026-05-03,149883973,One Piece Card Game,006,Tony Tony Chopper,25th Anniversary Premium Card Collection,15997,18,2250.00,2249.49,178.90,154.80,-92%,GO,2137.98
2026-05-03,150849687,One Piece Card Game,001,Roronoa Zoro,25th Anniversary Premium Card Collection,12998,82,300.00,299.94,149.09,129.01,-50%,GO,285.98
2026-05-03,150849703,One Piece Card Game,041,Monkey D. Luffy,Promo Cards,14444,84,199.99,199.40,177.25,141.45,-11%,GO,189.98
2026-05-03,149883963,One Piece Card Game,013,Roronoa Zoro Premium Card Coll -Film Red-,Premium Card Collection -One Piece Film Red-,9999,39,250.00,299.99,119.28,103.21,-52%,GO,237.98
2026-05-03,146847321,One Piece Card Game,061,Uta,Extra Booster -One Piece Heroines Edition-,9999,22,1122.99,1120.00,119.28,103.21,-89%,GO,1066.98
2026-05-04,146518167,Pokemon,006,Pikachu Ex,POKEMON JAPANESE MP1-START DECK 100 BATTLE COLLECTION COROCIAO VERSION,15500,77,105.00,100.00,187.95,149.98,79%,NO-GO,
2026-05-04,129814099,Pokemon,020,Pikachu Mcdonald's,POKEMON JAPANESE M-P PROMO,16000,1093,100.00,100.00,211.13,154.26,111%,NO-GO,
2026-05-04,116902312,Pokemon,223,Eevee Ex,POKEMON JAPANESE SV8A-TERASTAL FEST EX,18000,74,139.99,149.00,214.79,171.40,53%,NO-GO,
2026-05-04,121403536,Pokemon,093,Umbreon Ex,POKEMON JAPANESE SV8A-TERASTAL FEST EX,19800,80,59.99,69.99,281.66,186.83,370%,NO-GO,
2026-05-04,143375497,Pokemon,074,Fa/Gengar Dark Phantasma,POKEMON JAPANESE SWORD & SHIELD DARK PHANTASMA,19000,98,149.99,149.98,225.53,179.97,50%,NO-GO,
2026-05-04,83387976,Pokemon,7,Charizard Gx Detective Pikachu,POKEMON JAPANESE SUN & MOON DETECTIVE PIKACHU,14442,4,500.00,500.00,162.84,140.91,-67%,GO,475.98
2026-05-04,150849687,One Piece Card Game,001,Roronoa Zoro,25th Anniversary Premium Card Collection,12998,75,305.00,299.94,148.54,128.53,-51%,GO,289.98
2026-05-04,146847321,One Piece Card Game,061,Uta,Extra Booster -One Piece Heroines Edition-,9999,21,1120.00,1120.00,118.84,102.83,-89%,GO,1064.98
2026-05-04,145320672,One Piece Card Game,031,Tashigi Official Event Prize,Promo Cards,14500,32,204.99,120.00,163.42,141.41,-20%,GO,194.98
2026-05-04,119968670,One Piece Card Game,085,Stussy,A Fist of Divine Speed,27000,30,239.90,289.99,287.21,248.53,20%,保留,287.98
2026-05-04,149598013,One Piece Card Game,001,Sabo,Awakening of the New Era,13550,26,140.00,129.99,167.00,133.26,19%,保留,167.98
2026-05-04,149445658,One Piece Card Game,033,Monkey D. Luffy Weekly Shonen Jump-#6-7,Promo Cards,12900,29,750.00,460.00,147.57,127.69,-80%,GO,712.98
2026-05-06,146518167,Pokemon,006,Pikachu Ex,POKEMON JAPANESE MP1-START DECK 100 BATTLE COLLECTION COROCIAO VERSION,15000,77,115.00,109.99,181.69,144.99,58%,NO-GO,
2026-05-06,129814099,Pokemon,020,Pikachu Mcdonald's,POKEMON JAPANESE M-P PROMO,15900,1099,100.00,100.00,208.95,152.66,109%,NO-GO,
2026-05-06,116902312,Pokemon,223,Eevee Ex,POKEMON JAPANESE SV8A-TERASTAL FEST EX,17500,73,139.99,144.95,208.41,166.31,49%,保留,208.98
2026-05-06,121403536,Pokemon,093,Umbreon Ex,POKEMON JAPANESE SV8A-TERASTAL FEST EX,18888,81,59.99,69.99,268.58,178.15,348%,NO-GO,
2026-05-06,143375497,Pokemon,074,Fa/Gengar Dark Phantasma,POKEMON JAPANESE SWORD & SHIELD DARK PHANTASMA,19000,96,150.00,149.99,224.45,179.10,50%,保留,224.98
2026-05-06,141196085,Pokemon,004,Ho-Oh-Rev.foil 25th Anniversary Coll.,POKEMON JAPANESE 25TH ANNIVERSARY COLLECTION,12222,0,,,,,,先行出品,166.98
2026-05-06,141820394,One Piece Card Game,111,Nico Robin Mini-Tin Pk Set VOL.2-Bisai,Mini-Tin Pack Set VOL.2,15000,3,279.98,,167.56,144.99,-40%,GO,265.98
2026-05-06,89187159,One Piece Card Game,044,Kaya Standard,Promo Cards,8450,24,101.49,119.99,111.69,89.13,10%,保留,111.98
2026-05-06,134141062,Dragon Ball Super Card Game,FB03-125,Pan : Gt FB03,New Adventure,21111,1,261.33,261.33,227.79,197.11,-13%,GO,248.98
2026-05-06,95640748,Dragon Ball Super Card Game,E01-06,Energy Marker,Energy Marker Pack 01,20000,2,379.98,379.98,216.84,187.63,-43%,GO,360.98
2026-05-06,88050963,Dragon Ball Super Card Game,FB01-071,Son Gohan : Childhood,Awakened Pulse,20000,9,296.00,296.00,216.84,187.63,-27%,GO,281.98
2026-05-06,153604745,Dragon Ball Super Card Game,FS03-15,Gigantic Meteor FB02,Blazing Aura,18700,1,210.00,,204.02,176.55,-3%,GO,199.98
2026-05-08,146518167,Pokemon,006,Pikachu Ex,POKEMON JAPANESE MP1-START DECK 100 BATTLE COLLECTION COROCIAO VERSION,14000,80,115.00,110.00,172.39,137.56,50%,保留,172.98
2026-05-08,129814099,Pokemon,020,Pikachu Mcdonald's,POKEMON JAPANESE M-P PROMO,15400,1114,100.00,100.00,204.75,149.60,105%,NO-GO,
2026-05-08,89740092,Dragon Ball Super Card Game,FS02-04,Son Goku BCGF23-24 World Tour,Bandai Card Games Fest23-24 World Tour Promo,15900,0,,,,,,先行出品,210.98
2026-05-08,141265801,Pokemon,072,Greninja & Zoroark Gx Tag Team Gx All Stars,POKEMON JAPANESE SUN & MOON TAG TEAM GX ALL STARS,15800,3,101.66,288.36,191.78,153.04,89%,NO-GO,
2026-05-08,142568904,Pokemon,091,Gyarados Ex Super,POKEMON JAPANESE SV1S-SCARLET EX,12700,9,95.63,75.00,172.98,126.39,81%,NO-GO,
2026-05-08,146518167,Pokemon,006,Pikachu Ex,POKEMON JAPANESE MP1-START DECK 100 BATTLE COLLECTION COROCIAO VERSION,14000,80,115.00,110.00,172.39,137.56,50%,保留,172.98
2026-05-08,129814099,Pokemon,020,Pikachu Mcdonald's,POKEMON JAPANESE M-P PROMO,15400,1114,100.00,100.00,204.75,149.60,105%,NO-GO,
2026-05-08,89740092,Dragon Ball Super Card Game,FS02-04,Son Goku BCGF23-24 World Tour,Bandai Card Games Fest23-24 World Tour Promo,15900,0,,,,,,先行出品,210.98
2026-05-08,141265801,Pokemon,072,Greninja & Zoroark Gx Tag Team Gx All Stars,POKEMON JAPANESE SUN & MOON TAG TEAM GX ALL STARS,15800,3,101.66,288.36,191.78,153.04,89%,NO-GO,
2026-05-08,142568904,Pokemon,091,Gyarados Ex Super,POKEMON JAPANESE SV1S-SCARLET EX,12700,9,95.63,75.00,172.98,126.39,81%,NO-GO,
2026-05-08,142568894,Pokemon,187,Fa/Charizard Vmax Climax,POKEMON JAPANESE SWORD & SHIELD VMAX CLIMAX,18900,58,150.00,149.00,225.18,179.69,50%,NO-GO,
2026-05-08,142568915,Pokemon,001,Snorlax Gx Sun & Moon,POKEMON JAPANESE SM PROMO,17000,21,125.00,120.00,204.71,163.36,64%,NO-GO,
2026-05-08,144247200,Pokemon,080,Cynthia's Garchomp Ex Super,POKEMON JAPANESE SV9A-HEAT WAVE ARENA,12000,14,74.99,74.99,164.74,120.37,120%,NO-GO,
2026-05-09,146518167,Pokemon,006,Pikachu Ex,POKEMON JAPANESE MP1-START DECK 100 BATTLE COLLECTION COROCIAO VERSION,14000,77,124.99,119.00,172.37,137.55,38%,保留,172.98
2026-05-09,129814099,Pokemon,020,Pikachu Mcdonald's,POKEMON JAPANESE M-P PROMO,15300,1102,100.00,100.00,203.55,148.72,104%,NO-GO,
2026-05-09,121403536,Pokemon,093,Umbreon Ex,POKEMON JAPANESE SV8A-TERASTAL FEST EX,16980,80,62.00,70.00,223.32,163.17,260%,NO-GO,
2026-05-09,89740092,Dragon Ball Super Card Game,FS02-04,Son Goku BCGF23-24 World Tour,Bandai Card Games Fest23-24 World Tour Promo,15900,0,,,,,,先行出品,210.98
2026-05-09,141265801,Pokemon,072,Greninja & Zoroark Gx Tag Team Gx All Stars,POKEMON JAPANESE SUN & MOON TAG TEAM GX ALL STARS,15800,4,216.80,289.84,176.84,153.02,-18%,GO,205.98
2026-05-09,142568904,Pokemon,091,Gyarados Ex Super,POKEMON JAPANESE SV1S-SCARLET EX,12700,11,89.00,75.00,172.96,126.37,94%,NO-GO,
2026-05-09,142568894,Pokemon,187,Fa/Charizard Vmax Climax,POKEMON JAPANESE SWORD & SHIELD VMAX CLIMAX,18900,57,150.00,155.00,225.16,179.67,50%,NO-GO,
2026-05-09,142568915,Pokemon,001,Snorlax Gx Sun & Moon,POKEMON JAPANESE SM PROMO,16999,20,130.15,120.00,204.68,163.33,57%,NO-GO,
2026-05-09,144247200,Pokemon,080,Cynthia's Garchomp Ex Super,POKEMON JAPANESE SV9A-HEAT WAVE ARENA,12000,15,79.97,79.97,164.72,120.35,106%,NO-GO,
2026-05-09,146518167,Pokemon,006,Pikachu Ex,POKEMON JAPANESE MP1-START DECK 100 BATTLE COLLECTION COROCIAO VERSION,14000,77,124.99,119.00,172.40,137.57,38%,保留,172.98
2026-05-09,129814099,Pokemon,020,Pikachu Mcdonald's,POKEMON JAPANESE M-P PROMO,15300,1106,100.00,100.00,203.59,148.75,104%,NO-GO,
2026-05-09,121403536,Pokemon,093,Umbreon Ex,POKEMON JAPANESE SV8A-TERASTAL FEST EX,16980,80,62.00,70.00,223.36,163.20,260%,NO-GO,
2026-05-09,89740092,Dragon Ball Super Card Game,FS02-04,Son Goku BCGF23-24 World Tour,Bandai Card Games Fest23-24 World Tour Promo,15900,4,207.78,163.40,177.87,153.91,-14%,GO,197.98
2026-05-09,141265801,Pokemon,072,Greninja & Zoroark Gx Tag Team Gx All Stars,POKEMON JAPANESE SUN & MOON TAG TEAM GX ALL STARS,15800,4,228.21,289.84,176.87,153.05,-22%,GO,216.98
2026-05-09,142568904,Pokemon,091,Gyarados Ex Super,POKEMON JAPANESE SV1S-SCARLET EX,12700,11,89.00,75.00,172.99,126.40,94%,NO-GO,
2026-05-09,142568894,Pokemon,187,Fa/Charizard Vmax Climax,POKEMON JAPANESE SWORD & SHIELD VMAX CLIMAX,18900,57,150.00,155.00,225.20,179.71,50%,NO-GO,
2026-05-09,142568915,Pokemon,001,Snorlax Gx Sun & Moon,POKEMON JAPANESE SM PROMO,16999,20,130.15,120.00,204.72,163.36,57%,NO-GO,
2026-05-09,144247200,Pokemon,080,Cynthia's Garchomp Ex Super,POKEMON JAPANESE SV9A-HEAT WAVE ARENA,12000,17,84.27,79.97,164.76,120.38,96%,NO-GO,
2026-05-09,141910668,Pokemon,228,Mega Lucario Ex Mega Attack,POKEMON JAPANESE M2A-MEGA DREAM EX,12999,63,110.99,110.99,161.62,128.97,46%,保留,161.98
2026-05-09,146518167,Pokemon,006,Pikachu Ex,POKEMON JAPANESE MP1-START DECK 100 BATTLE COLLECTION COROCIAO VERSION,13500,77,124.99,119.00,167.01,133.27,34%,保留,167.98
2026-05-09,121403536,Pokemon,093,Umbreon Ex,POKEMON JAPANESE SV8A-TERASTAL FEST EX,16980,80,62.00,70.00,223.36,163.20,260%,NO-GO,
2026-05-09,89740092,Dragon Ball Super Card Game,FS02-04,Son Goku BCGF23-24 World Tour,Bandai Card Games Fest23-24 World Tour Promo,15900,4,207.78,163.40,177.87,153.91,-14%,GO,197.98
2026-05-09,141265801,Pokemon,072,Greninja & Zoroark Gx Tag Team Gx All Stars,POKEMON JAPANESE SUN & MOON TAG TEAM GX ALL STARS,15800,4,228.21,289.84,176.87,153.05,-22%,GO,216.98
2026-05-09,142568904,Pokemon,091,Gyarados Ex Super,POKEMON JAPANESE SV1S-SCARLET EX,12500,11,89.00,75.00,170.64,124.68,92%,NO-GO,
2026-05-09,142568894,Pokemon,187,Fa/Charizard Vmax Climax,POKEMON JAPANESE SWORD & SHIELD VMAX CLIMAX,18900,57,150.00,155.00,225.20,179.71,50%,NO-GO,
2026-05-09,142568915,Pokemon,001,Snorlax Gx Sun & Moon,POKEMON JAPANESE SM PROMO,16999,20,130.15,120.00,204.72,163.36,57%,NO-GO,
2026-05-09,144247200,Pokemon,080,Cynthia's Garchomp Ex Super,POKEMON JAPANESE SV9A-HEAT WAVE ARENA,12000,17,84.27,79.97,164.76,120.38,96%,NO-GO,
2026-05-09,141910668,Pokemon,228,Mega Lucario Ex Mega Attack,POKEMON JAPANESE M2A-MEGA DREAM EX,12999,63,110.99,110.99,161.62,128.97,46%,保留,161.98
2026-05-09,121403536,Pokemon,093,Umbreon Ex,POKEMON JAPANESE SV8A-TERASTAL FEST EX,16980,80,62.00,70.00,223.36,163.20,260%,NO-GO,
2026-05-09,142568904,Pokemon,091,Gyarados Ex Super,POKEMON JAPANESE SV1S-SCARLET EX,12500,11,89.00,75.00,170.64,124.68,92%,NO-GO,
2026-05-09,142568894,Pokemon,187,Fa/Charizard Vmax Climax,POKEMON JAPANESE SWORD & SHIELD VMAX CLIMAX,18900,57,150.00,155.00,225.20,179.71,50%,NO-GO,
2026-05-09,142568915,Pokemon,001,Snorlax Gx Sun & Moon,POKEMON JAPANESE SM PROMO,16999,20,130.15,120.00,204.72,163.36,57%,NO-GO,
2026-05-09,144247200,Pokemon,080,Cynthia's Garchomp Ex Super,POKEMON JAPANESE SV9A-HEAT WAVE ARENA,12000,17,84.27,79.97,164.76,120.38,96%,NO-GO,
2026-05-10,121403536,Pokemon,093,Umbreon Ex,POKEMON JAPANESE SV8A-TERASTAL FEST EX,16980,79,62.00,70.00,223.32,163.17,260%,NO-GO,
2026-05-10,142568904,Pokemon,091,Gyarados Ex Super,POKEMON JAPANESE SV1S-SCARLET EX,12500,10,95.63,79.00,170.61,124.65,78%,NO-GO,
2026-05-10,142568894,Pokemon,187,Fa/Charizard Vmax Climax,POKEMON JAPANESE SWORD & SHIELD VMAX CLIMAX,18800,56,150.00,155.00,224.08,178.81,49%,保留,224.98
2026-05-10,142568915,Pokemon,001,Snorlax Gx Sun & Moon,POKEMON JAPANESE SM PROMO,16900,20,130.15,120.00,203.61,162.48,56%,NO-GO,
2026-05-10,144247200,Pokemon,080,Cynthia's Garchomp Ex Super,POKEMON JAPANESE SV9A-HEAT WAVE ARENA,12000,18,84.27,74.99,164.72,120.35,95%,NO-GO,
2026-05-10,140514349,Pokemon,024,Flying Pikachu Vmax 25th Anniversary Coll-Fa,POKEMON JAPANESE 25TH ANNIVERSARY COLLECTION,19800,0,,,,,,先行出品,256.98
2026-05-10,121403536,Pokemon,093,Umbreon Ex,POKEMON JAPANESE SV8A-TERASTAL FEST EX,16950,79,69.99,70.00,222.97,162.91,219%,NO-GO,
2026-05-10,142568904,Pokemon,091,Gyarados Ex Super,POKEMON JAPANESE SV1S-SCARLET EX,12500,10,95.63,79.00,170.61,124.65,78%,NO-GO,
2026-05-10,142568894,Pokemon,187,Fa/Charizard Vmax Climax,POKEMON JAPANESE SWORD & SHIELD VMAX CLIMAX,18800,58,159.97,155.00,224.08,178.81,40%,保留,224.98
2026-05-10,142568915,Pokemon,001,Snorlax Gx Sun & Moon,POKEMON JAPANESE SM PROMO,16800,20,130.15,120.00,202.53,161.62,56%,NO-GO,
2026-05-10,144247200,Pokemon,080,Cynthia's Garchomp Ex Super,POKEMON JAPANESE SV9A-HEAT WAVE ARENA,12000,18,84.27,74.99,164.72,120.35,95%,NO-GO,
2026-05-10,140514349,Pokemon,024,Flying Pikachu Vmax 25th Anniversary Coll-Fa,POKEMON JAPANESE 25TH ANNIVERSARY COLLECTION,19800,0,,,,,,先行出品,256.98
2026-05-10,138887746,Pokemon,119,Pidgeotto Art,POKEMON JAPANESE SV3-RULER OF THE BLACK FLAME,8900,4,85.00,85.00,128.25,93.70,51%,NO-GO,
2026-05-11,121403536,Pokemon,093,Umbreon Ex,POKEMON JAPANESE SV8A-TERASTAL FEST EX,16950,78,69.99,70.00,222.65,162.68,218%,NO-GO,
2026-05-11,142568904,Pokemon,091,Gyarados Ex Super,POKEMON JAPANESE SV1S-SCARLET EX,12500,9,95.63,79.00,170.37,124.48,78%,NO-GO,
2026-05-11,142568915,Pokemon,001,Snorlax Gx Sun & Moon,POKEMON JAPANESE SM PROMO,16800,20,130.15,120.00,202.25,161.39,55%,NO-GO,
2026-05-11,144247200,Pokemon,080,Cynthia's Garchomp Ex Super,POKEMON JAPANESE SV9A-HEAT WAVE ARENA,12000,17,79.97,74.99,164.49,120.19,106%,NO-GO,
2026-05-11,141354212,Pokemon,232,Iono's Wattrel SV9 Box Purchase Campaign,POKEMON JAPANESE SV-P PROMO,7600,222,50.00,50.00,124.25,82.41,148%,NO-GO,
2026-05-11,121403536,Pokemon,093,Umbreon Ex,POKEMON JAPANESE SV8A-TERASTAL FEST EX,16950,78,69.99,70.00,222.65,162.68,218%,NO-GO,
2026-05-11,142568904,Pokemon,091,Gyarados Ex Super,POKEMON JAPANESE SV1S-SCARLET EX,12500,9,95.63,79.00,170.37,124.48,78%,NO-GO,
2026-05-11,142568915,Pokemon,001,Snorlax Gx Sun & Moon,POKEMON JAPANESE SM PROMO,16800,20,130.15,120.00,202.25,161.39,55%,NO-GO,
2026-05-11,144247200,Pokemon,080,Cynthia's Garchomp Ex Super,POKEMON JAPANESE SV9A-HEAT WAVE ARENA,12000,17,79.97,74.99,164.49,120.19,106%,NO-GO,
2026-05-11,141432594,Pokemon,091,Wigglytuff Art,POKEMON JAPANESE M2-INFERNO X,7800,67,63.89,59.99,115.15,84.13,80%,NO-GO,
2026-05-11,144686074,Pokemon,066,Exeggutor Art,POKEMON JAPANESE M1L-MEGA BRAVE,6900,37,49.99,49.99,115.19,76.40,130%,NO-GO,
2026-05-11,144773612,One Piece Card Game,009,Trafalgar Law,The Azure Sea's Seven,12700,4,94.99,94.99,172.72,126.19,82%,NO-GO,
2026-05-11,144686067,Pokemon,085,Piplup Art,POKEMON JAPANESE M2-INFERNO X,8400,74,76.09,73.97,122.20,89.28,61%,NO-GO,
2026-05-11,142568904,Pokemon,091,Gyarados Ex Super,POKEMON JAPANESE SV1S-SCARLET EX,12500,9,95.63,79.00,170.39,124.50,78%,緩和 (薄商い),170.98
2026-05-11,142568915,Pokemon,001,Snorlax Gx Sun & Moon,POKEMON JAPANESE SM PROMO,16800,20,130.15,120.00,202.28,161.41,55%,NO-GO,
2026-05-11,144247200,Pokemon,080,Cynthia's Garchomp Ex Super,POKEMON JAPANESE SV9A-HEAT WAVE ARENA,12000,17,79.97,74.99,164.52,120.20,106%,NO-GO,
2026-05-11,141432594,Pokemon,091,Wigglytuff Art,POKEMON JAPANESE M2-INFERNO X,7800,67,63.89,59.99,115.16,84.14,80%,NO-GO,
2026-05-11,144686074,Pokemon,066,Exeggutor Art,POKEMON JAPANESE M1L-MEGA BRAVE,6900,36,49.99,48.00,115.20,76.41,130%,NO-GO,
2026-05-11,144773612,One Piece Card Game,009,Trafalgar Law,The Azure Sea's Seven,12700,4,94.99,94.99,172.74,126.21,82%,緩和 (薄商い),172.98
2026-05-11,144686067,Pokemon,085,Piplup Art,POKEMON JAPANESE M2-INFERNO X,8400,74,76.09,73.97,122.21,89.29,61%,NO-GO,
2026-05-11,121403536,Pokemon,093,Umbreon Ex,POKEMON JAPANESE SV8A-TERASTAL FEST EX,16950,78,69.99,70.00,222.69,162.70,218%,NO-GO,
2026-05-11,142568904,Pokemon,091,Gyarados Ex Super,POKEMON JAPANESE SV1S-SCARLET EX,12500,8,116.00,129.99,156.01,124.50,34%,緩和 (薄商い),156.98
2026-05-11,142568915,Pokemon,001,Snorlax Gx Sun & Moon,POKEMON JAPANESE SM PROMO,16800,19,130.15,131.88,202.28,161.41,55%,NO-GO,
2026-05-11,144247200,Pokemon,080,Cynthia's Garchomp Ex Super,POKEMON JAPANESE SV9A-HEAT WAVE ARENA,12000,17,79.97,74.99,164.52,120.20,106%,NO-GO,
2026-05-11,138887746,Pokemon,119,Pidgeotto Art,POKEMON JAPANESE SV3-RULER OF THE BLACK FLAME,8900,4,85.00,85.00,128.09,93.59,51%,緩和 (薄商い),128.98
2026-05-11,141354212,Pokemon,232,Iono's Wattrel SV9 Box Purchase Campaign,POKEMON JAPANESE SV-P PROMO,7600,226,50.00,50.00,124.26,82.42,149%,NO-GO,
2026-05-11,141432594,Pokemon,091,Wigglytuff Art,POKEMON JAPANESE M2-INFERNO X,7800,67,63.89,59.99,115.16,84.14,80%,NO-GO,
2026-05-11,144686074,Pokemon,066,Exeggutor Art,POKEMON JAPANESE M1L-MEGA BRAVE,6900,36,49.99,48.00,115.20,76.41,130%,NO-GO,
2026-05-11,144773612,One Piece Card Game,009,Trafalgar Law,The Azure Sea's Seven,12700,4,94.99,94.99,172.74,126.21,82%,緩和 (薄商い),172.98
2026-05-11,144686067,Pokemon,085,Piplup Art,POKEMON JAPANESE M2-INFERNO X,8400,74,76.09,73.97,122.21,89.29,61%,NO-GO,
2026-05-11,121403536,Pokemon,093,Umbreon Ex,POKEMON JAPANESE SV8A-TERASTAL FEST EX,16950,78,69.99,70.00,222.69,162.70,218%,緩和,222.98
2026-05-11,142568904,Pokemon,091,Gyarados Ex Super,POKEMON JAPANESE SV1S-SCARLET EX,12500,8,116.00,129.99,156.01,124.50,34%,緩和,156.98
2026-05-11,142568915,Pokemon,001,Snorlax Gx Sun & Moon,POKEMON JAPANESE SM PROMO,16800,19,130.15,131.88,202.28,161.41,55%,緩和,202.98
2026-05-11,144247200,Pokemon,080,Cynthia's Garchomp Ex Super,POKEMON JAPANESE SV9A-HEAT WAVE ARENA,12000,17,79.97,74.99,164.52,120.20,106%,緩和,164.98
2026-05-11,138887746,Pokemon,119,Pidgeotto Art,POKEMON JAPANESE SV3-RULER OF THE BLACK FLAME,8900,4,85.00,85.00,128.09,93.59,51%,緩和,128.98
2026-05-11,141354212,Pokemon,232,Iono's Wattrel SV9 Box Purchase Campaign,POKEMON JAPANESE SV-P PROMO,7600,226,50.00,50.00,124.26,82.42,149%,緩和,124.98
2026-05-11,141432594,Pokemon,091,Wigglytuff Art,POKEMON JAPANESE M2-INFERNO X,7800,67,63.89,59.99,115.16,84.14,80%,緩和,115.98
2026-05-11,144686074,Pokemon,066,Exeggutor Art,POKEMON JAPANESE M1L-MEGA BRAVE,6900,36,49.99,48.00,115.20,76.41,130%,緩和,115.98
2026-05-11,144773612,One Piece Card Game,009,Trafalgar Law,The Azure Sea's Seven,12700,4,94.99,94.99,172.74,126.21,82%,緩和,172.98
2026-05-11,144686067,Pokemon,085,Piplup Art,POKEMON JAPANESE M2-INFERNO X,8400,75,76.09,73.97,122.21,89.29,61%,緩和,122.98
2026-05-11,144247200,Pokemon,080,Cynthia's Garchomp Ex Super,POKEMON JAPANESE SV9A-HEAT WAVE ARENA,12000,17,79.97,74.99,164.34,120.07,105%,緩和,164.98
2026-05-11,91085758,One Piece Card Game,059,Boa Hancock,Promo Cards,36000,25,195.00,199.95,408.42,325.91,109%,NO-GO,
2026-05-19,144247200,Pokemon,080,Cynthia's Garchomp Ex Super,POKEMON JAPANESE SV9A-HEAT WAVE ARENA,12000,16,83.05,79.97,162.25,118.55,95%,緩和,162.98
2026-05-19,87914882,One Piece Card Game,006,Koala,Awakening of the New Era,9888,17,59.99,59.99,151.76,100.66,153%,緩和,151.98
2026-05-19,144247200,Pokemon,080,Cynthia's Garchomp Ex Super,POKEMON JAPANESE SV9A-HEAT WAVE ARENA,12000,16,83.05,79.97,162.25,118.55,95%,緩和,162.98
2026-05-19,144247200,Pokemon,080,Cynthia's Garchomp Ex Super,POKEMON JAPANESE SV9A-HEAT WAVE ARENA,12000,16,83.05,79.97,162.25,118.55,95%,緩和,162.98
2026-05-19,144247200,Pokemon,080,Cynthia's Garchomp Ex Super,POKEMON JAPANESE SV9A-HEAT WAVE ARENA,12000,16,83.05,79.97,162.25,118.55,95%,緩和,162.98
2026-05-19,89904521,One Piece Card Game,041,Monkey D. Luffy,Promo Cards,40000,72,349.99,357.00,411.00,355.64,17%,保留,411.98
2026-05-19,152179452,One Piece Card Game,001,Jewelry Bonney,Extra Booster Egghead Crisis,41580,12,403.99,425.00,426.46,369.02,6%,保留,426.98
2026-05-19,144247200,Pokemon,080,Cynthia's Garchomp Ex Super,POKEMON JAPANESE SV9A-HEAT WAVE ARENA,12000,16,83.05,79.97,162.25,118.55,95%,緩和,162.98
2026-05-19,89904521,One Piece Card Game,041,Monkey D. Luffy,Promo Cards,9888,72,349.99,357.00,116.33,100.66,-67%,緩和,116.98
2026-05-19,152179452,One Piece Card Game,001,Jewelry Bonney,Extra Booster Egghead Crisis,41580,12,403.99,425.00,426.46,369.02,6%,保留,426.98
2026-05-19,154890371,One Piece Card Game,112,Yamato Official Event Prize,Promo Cards,27800,58,210.49,233.74,291.61,252.34,39%,保留,291.98
2026-05-19,107487576,One Piece Card Game,051,Boa Hancock,500 Years in the Future,33000,175,495.79,479.23,342.50,296.37,-31%,GO,471.98
2026-05-19,98378389,One Piece Card Game,044,Kaya Standard,Promo Cards,20000,15,119.99,119.99,233.45,186.29,95%,緩和,233.98
2026-05-19,142540654,One Piece Card Game,004,Sabo,Carrying On His Will,19999,15,148.08,144.00,233.44,186.28,58%,緩和,233.98
2026-05-19,85321082,One Piece Card Game,120,Uta,Premium Card Collection -Uta-,18777,73,199.94,158.40,220.47,175.93,10%,緩和,220.98
2026-05-19,106919847,One Piece Card Game,019,Jewelry Bonney Weekly Shonen Jump '24-#35,Promo Cards,16500,36,158.95,173.00,196.31,156.65,24%,緩和,196.98
2026-05-19,147452573,One Piece Card Game,016,100 Times Stronger Now,Starter Deck ST29-Egghead,12999,0,,,,,,先行出品,173.98
2026-05-21,142540655,One Piece Card Game,116,Most Free/Pirate King,Carrying On His Will,12999,0,,,,,,先行出品,173.98
2026-05-21,143655912,One Piece Card Game,005,Monkey D. Luffy,Starter Deck ST16-Green Uta,12999,5,135.11,252.00,177.98,127.12,32%,緩和,177.98
2026-05-21,154034555,One Piece Card Game,001,Nefeltari Vivi,Extra Booster -One Piece Heroines Edition-,12222,9,75.00,72.95,168.98,120.54,125%,緩和,168.98
2026-05-23,86915908,One Piece Card Game,008,Charlotte Pudding,Premium Card Collection -Girls Edition-,12000,11,129.54,129.54,165.98,118.40,28%,緩和,165.98
2026-05-23,111224613,One Piece Card Game,010,Nico Robin,Premium Booster -One Piece Card the Best-,22222,4,299.99,,277.98,204.84,-7%,緩和,277.98
2026-05-23,149546458,One Piece Card Game,003,Uta,Extra Booster -One Piece Heroines Edition-,19500,21,699.85,699.90,251.98,181.82,-64%,GO,664.98
2026-05-23,145086683,One Piece Card Game,106,Nami,Two Legends,20999,105,318.00,333.60,263.98,194.50,-17%,GO,302.98
2026-05-23,145086679,One Piece Card Game,106,Zeus,A Fist of Divine Speed,24999,46,500.00,450.00,310.98,228.33,-38%,GO,475.98
2026-05-23,93885050,One Piece Card Game,106,Kozuki Hiyori,Wings of the Captain,12800,9,94.07,110.99,174.98,125.16,86%,緩和,174.98
2026-05-23,88045098,One Piece Card Game,091,Rebecca,Awakening of the New Era,12000,97,195.00,189.99,165.98,118.40,-15%,緩和,165.98
2026-05-23,93693092,One Piece Card Game,085,Stussy,500 Years in the Future,12000,24,239.00,249.95,165.98,118.40,-31%,緩和,165.98
2026-05-25,87473158,One Piece Card Game,106,Kozuki Hiyori,Wings of the Captain,10900,7,94.07,77.99,152.98,109.27,63%,薄商い,152.98
2026-05-25,107512388,One Piece Card Game,015,Jewelry Bonney,Extra Booster -Anime 25th Collection-,11000,0,,,,,,先行出品,150.98
2026-05-25,147255989,One Piece Card Game,078,Boa Hancock,Premium Booster -One Piece Card the Best-,29999,93,335.92,309.54,363.98,271.06,8%,適正,363.98
2026-05-25,145877037,One Piece Card Game,115,Boa Hancock V Jump-January 2026,Promo Cards,29800,5,200.00,338.00,360.98,269.37,80%,薄商い,360.98
2026-05-25,150891067,One Piece Card Game,041,Monkey D. Luffy,Promo Cards,29100,89,304.95,313.49,352.98,263.45,16%,適正,352.98
2026-05-25,146264696,One Piece Card Game,006,Tony Tony Chopper,25th Anniversary Premium Card Collection,29000,17,3189.49,2899.85,351.98,262.60,-89%,市場高,351.98
2026-05-25,146264568,One Piece Card Game,060,Monkey D. Luffy,Awakening of the New Era,28500,72,319.99,309.89,345.98,258.36,8%,適正,345.98
2026-05-25,152911123,One Piece Card Game,109,Monkey D. Luffy Pcc -One Piece DAY'24-,Premium Card Collection -One Piece DAY'24-,25499,156,199.99,200.00,311.98,233.05,56%,⚠️乖離大,311.98
2026-05-25,146597977,One Piece Card Game,036,Nami,Premium Card Collection -Best Selection VOL.1-,24000,50,250.00,225.00,299.98,220.35,20%,適正,299.98
2026-05-25,99737105,One Piece Card Game,042,Vinsmoke Reiju,Wings of the Captain,21500,12,109.00,100.00,270.98,199.16,149%,⚠️乖離大,270.98
2026-05-25,91894036,One Piece Card Game,019,Jewelry Bonney,500 Years in the Future,21999,37,151.00,181.00,275.98,203.39,83%,⚠️乖離大,275.98
2026-05-25,149657853,One Piece Card Game,039,Rebecca,Kingdoms of Intrigue,21500,36,238.40,224.00,270.98,199.16,14%,適正,270.98
2026-05-25,143906490,One Piece Card Game,106,Trafalgar Law One Piece School VOL.10,Promo Cards,19800,18,220.00,222.93,256.98,184.75,17%,適正,256.98
2026-05-25,139059023,One Piece Card Game,113,Jewelry Bonney Mini-Tin Ps VOL.2-Rokushiro,Mini-Tin Pack Set VOL.2,19500,7,149.99,149.98,252.98,182.21,69%,薄商い,252.98
2026-05-25,145253646,One Piece Card Game,001,Shanks,Emperors in the New World,19000,87,207.19,228.00,246.98,177.97,19%,適正,246.98
2026-05-25,152911123,One Piece Card Game,109,Monkey D. Luffy Pcc -One Piece DAY'24-,Premium Card Collection -One Piece DAY'24-,25499,156,199.99,200.00,311.98,233.05,56%,⚠️乖離大,311.98
2026-05-25,146597977,One Piece Card Game,036,Nami,Premium Card Collection -Best Selection VOL.1-,24000,50,250.00,225.00,299.98,220.35,20%,適正,299.98
2026-05-25,99737105,One Piece Card Game,042,Vinsmoke Reiju,Wings of the Captain,21500,12,109.00,100.00,270.98,199.16,149%,⚠️乖離大,270.98
2026-05-25,91894036,One Piece Card Game,019,Jewelry Bonney,500 Years in the Future,21999,37,151.00,181.00,275.98,203.39,83%,⚠️乖離大,275.98
2026-05-25,149657853,One Piece Card Game,039,Rebecca,Kingdoms of Intrigue,21500,36,238.40,224.00,270.98,199.16,14%,適正,270.98
2026-05-25,143906490,One Piece Card Game,106,Trafalgar Law One Piece School VOL.10,Promo Cards,19800,19,219.99,222.93,256.98,184.75,17%,適正,256.98
2026-05-25,139059023,One Piece Card Game,113,Jewelry Bonney Mini-Tin Ps VOL.2-Rokushiro,Mini-Tin Pack Set VOL.2,19500,7,149.99,149.98,252.98,182.21,69%,薄商い,252.98
2026-05-25,145253646,One Piece Card Game,001,Shanks,Emperors in the New World,19000,87,207.19,228.00,246.98,177.97,19%,適正,246.98
2026-05-26,91894036,One Piece Card Game,019,Jewelry Bonney,500 Years in the Future,21999,39,149.99,175.69,275.98,203.09,84%,⚠️乖離大,275.98
2026-05-26,149657853,One Piece Card Game,039,Rebecca,Kingdoms of Intrigue,21800,38,237.59,213.40,273.98,201.40,15%,適正,273.98
2026-05-26,91894036,One Piece Card Game,019,Jewelry Bonney,500 Years in the Future,21999,39,149.99,175.69,275.98,203.09,84%,⚠️乖離大,275.98
2026-05-26,149657853,One Piece Card Game,039,Rebecca,Kingdoms of Intrigue,21800,38,237.59,213.40,273.98,201.40,15%,適正,273.98
2026-05-26,150213978,One Piece Card Game,053,Nami,Extra Booster -One Piece Heroines Edition-,19000,33,1429.90,1699.95,246.98,177.71,-83%,市場高,246.98
2026-05-26,147968171,One Piece Card Game,035,Okiku,500 Years in the Future,13500,19,199.00,189.00,183.98,131.17,-8%,市場高,183.98
2026-05-26,148836226,One Piece Card Game,046,Yamato One Piece Magazine VOL.17,Promo Cards,16900,23,200.55,202.55,221.98,159.94,11%,適正,221.98
2026-05-26,94491569,One Piece Card Game,074,Portgas D. Ace Saikyo Jump-May 2024,Promo Cards,17000,5,79.99,90.00,222.98,160.78,179%,薄商い,222.98
2026-05-26,145253664,One Piece Card Game,062,Nico Robin,Emperors in the New World,17000,15,204.00,199.00,222.98,160.78,9%,適正,222.98
2026-05-26,97317368,One Piece Card Game,050,Nami,Emperors in the New World,15000,20,849.95,180.00,198.98,143.86,-77%,市場高,198.98
2026-05-27,91894036,One Piece Card Game,019,Jewelry Bonney,500 Years in the Future,21999,38,150.20,159.99,275.98,202.97,84%,⚠️乖離大,275.98
2026-05-27,149657853,One Piece Card Game,039,Rebecca,Kingdoms of Intrigue,21800,37,237.59,213.40,273.98,201.29,15%,適正,273.98
2026-05-27,86413487,One Piece Card Game,017,Nico Robin Premium Card Coll -Film Red-,Premium Card Collection -One Piece Film Red-,15000,12,275.00,275.00,198.98,143.78,-28%,市場高,198.98
2026-05-27,147452584,One Piece Card Game,034,Monkey D. Luffy,The Azure Sea's Seven,12999,4,129.16,,177.98,126.85,38%,薄商い,177.98
2026-05-27,145253668,One Piece Card Game,100,Jewelry Bonney,Carrying On His Will,12000,21,100.00,99.99,165.98,118.40,66%,⚠️乖離大,165.98
2026-05-27,154600959,One Piece Card Game,064,Alvida Box Topper,Romance Dawn,10000,6,189.00,189.00,141.98,101.49,-25%,薄商い,141.98
2026-05-27,91894036,One Piece Card Game,019,Jewelry Bonney,500 Years in the Future,21999,38,150.20,159.99,275.98,202.97,84%,⚠️乖離大,275.98
2026-05-27,149657853,One Piece Card Game,039,Rebecca,Kingdoms of Intrigue,21800,37,237.59,213.40,273.98,201.29,15%,適正,273.98
2026-05-27,86413487,One Piece Card Game,017,Nico Robin Premium Card Coll -Film Red-,Premium Card Collection -One Piece Film Red-,15000,12,275.00,275.00,198.98,143.78,-28%,市場高,198.98
2026-05-27,147452584,One Piece Card Game,034,Monkey D. Luffy,The Azure Sea's Seven,12999,4,129.16,,177.98,126.85,38%,薄商い,177.98
2026-05-27,145253668,One Piece Card Game,100,Jewelry Bonney,Carrying On His Will,12000,21,100.00,99.99,165.98,118.40,66%,⚠️乖離大,165.98
2026-05-27,154600959,One Piece Card Game,064,Alvida Box Topper,Romance Dawn,10000,6,189.00,189.00,141.98,101.49,-25%,薄商い,141.98
2026-05-27,91894036,One Piece Card Game,019,Jewelry Bonney,500 Years in the Future,21999,38,150.20,159.99,275.98,203.03,84%,⚠️乖離大,275.98
2026-05-27,149657853,One Piece Card Game,039,Rebecca,Kingdoms of Intrigue,21800,40,237.59,213.40,273.98,201.34,15%,適正,273.98
2026-05-27,86413487,One Piece Card Game,017,Nico Robin Premium Card Coll -Film Red-,Premium Card Collection -One Piece Film Red-,15000,12,275.00,275.00,198.98,143.82,-28%,市場高,198.98
2026-05-27,147452584,One Piece Card Game,034,Monkey D. Luffy,The Azure Sea's Seven,12999,4,129.16,,177.98,126.89,38%,薄商い,177.98
2026-05-27,145253668,One Piece Card Game,100,Jewelry Bonney,Carrying On His Will,12000,21,100.00,99.99,165.98,118.44,66%,⚠️乖離大,165.98
2026-05-27,154600959,One Piece Card Game,064,Alvida Box Topper,Romance Dawn,10000,6,189.00,189.00,141.98,101.52,-25%,薄商い,141.98
2026-05-27,91894036,One Piece Card Game,019,Jewelry Bonney,500 Years in the Future,21999,38,150.20,159.99,275.98,203.03,84%,⚠️乖離大,275.98
2026-05-27,146282821,One Piece Card Game,073,Trafalgar Law,Legacy of the Master,15000,8,150.00,168.40,198.98,143.82,33%,薄商い,198.98
2026-05-27,143402937,One Piece Card Game,001,Uta,Premium Booster -One Piece Card the Best- Storage Box Set,12900,13,1399.95,1399.95,176.98,126.05,-87%,市場高,176.98
2026-05-27,91894036,One Piece Card Game,019,Jewelry Bonney,500 Years in the Future,21999,38,150.20,159.99,275.98,203.03,84%,⚠️乖離大,275.98
2026-05-27,146282821,One Piece Card Game,073,Trafalgar Law,Legacy of the Master,15000,8,150.00,168.40,198.98,143.82,33%,薄商い,198.98
2026-05-27,143402937,One Piece Card Game,001,Uta,Premium Booster -One Piece Card the Best- Storage Box Set,12900,13,1399.95,1399.95,176.98,126.05,-87%,市場高,176.98
2026-05-27,146303499,One Piece Card Game,006,Tony Tony Chopper,25th Anniversary Premium Card Collection,32222,24,3199.99,2626.70,381.98,289.51,-88%,市場高,381.98
2026-05-27,91894036,One Piece Card Game,019,Jewelry Bonney,500 Years in the Future,21999,38,150.20,159.99,275.98,203.03,84%,⚠️乖離大,275.98
2026-05-27,156219827,One Piece Card Game,,Don!! Card,Adventure On Kami's Island,35000,790,65.00,65.00,409.98,313.01,531%,⚠️乖離大,409.98
2026-05-27,146282821,One Piece Card Game,073,Trafalgar Law,Legacy of the Master,15000,8,150.00,168.40,198.98,143.82,33%,薄商い,198.98
2026-05-27,143402937,One Piece Card Game,001,Uta,Premium Booster -One Piece Card the Best- Storage Box Set,12900,13,1399.95,1399.95,175.98,125.96,-87%,市場高,175.98
2026-05-27,146303499,One Piece Card Game,006,Tony Tony Chopper,25th Anniversary Premium Card Collection,32222,24,3199.99,2626.70,381.98,289.30,-88%,市場高,381.98
2026-05-27,91894036,One Piece Card Game,019,Jewelry Bonney,500 Years in the Future,21999,39,150.20,159.99,275.98,202.88,84%,⚠️乖離大,275.98
2026-05-27,156219827,One Piece Card Game,,Don!! Card,Adventure On Kami's Island,34500,794,64.99,64.99,407.98,308.56,528%,⚠️乖離大,407.98
2026-05-27,146282821,One Piece Card Game,073,Trafalgar Law,Legacy of the Master,14500,9,145.39,168.40,195.98,139.49,35%,薄商い,195.98
2026-05-27,91894036,One Piece Card Game,019,Jewelry Bonney,500 Years in the Future,21999,39,150.20,159.99,275.98,202.88,84%,⚠️乖離大,275.98
2026-05-27,156219827,One Piece Card Game,,Don!! Card,Adventure On Kami's Island,34500,794,64.99,64.99,407.98,308.56,528%,⚠️乖離大,407.98
2026-05-27,146160792,One Piece Card Game,,Don!! Card,Promo Cards,33000,794,64.99,64.99,390.98,295.88,502%,⚠️乖離大,390.98
2026-05-27,146617214,One Piece Card Game,002,Marco Weekly Shonen Jump-#8,Promo Cards,23000,13,84.99,84.99,286.98,211.34,238%,⚠️乖離大,286.98
2026-05-27,146280439,Pokemon,086,Drowzee Art,POKEMON JAPANESE SV1V-VIOLET EX,13000,82,110.00,110.00,177.98,126.81,62%,⚠️乖離大,177.98
2026-05-27,146280454,Pokemon,102,Articuno Art,POKEMON JAPANESE SV9-BATTLE PARTNERS,11000,140,75.00,78.49,153.98,109.90,105%,⚠️乖離大,153.98
2026-05-27,144412656,Pokemon,103,Rocket's Wobbuffet Art,POKEMON JAPANESE SV10-GLORY OF TEAM ROCKET,8500,84,73.99,75.00,126.98,88.76,72%,⚠️乖離大,126.98
2026-05-27,91894036,One Piece Card Game,019,Jewelry Bonney,500 Years in the Future,21999,39,150.20,159.99,275.98,202.83,84%,⚠️乖離大,275.98
2026-05-27,156219827,One Piece Card Game,,Don!! Card,Adventure On Kami's Island,34500,794,64.99,64.99,406.98,308.48,526%,⚠️乖離大,406.98
2026-05-27,146160792,One Piece Card Game,,Don!! Card,Promo Cards,33000,794,64.99,64.99,390.98,295.81,502%,⚠️乖離大,390.98
2026-05-27,146617214,One Piece Card Game,002,Marco Weekly Shonen Jump-#8,Promo Cards,23000,13,84.99,84.99,286.98,211.29,238%,⚠️乖離大,286.98
2026-05-27,146280439,Pokemon,086,Drowzee Art,POKEMON JAPANESE SV1V-VIOLET EX,13000,82,110.00,110.00,177.98,126.77,62%,⚠️乖離大,177.98
2026-05-27,146280454,Pokemon,102,Articuno Art,POKEMON JAPANESE SV9-BATTLE PARTNERS,11000,140,75.00,78.49,152.98,109.87,104%,⚠️乖離大,152.98
2026-05-27,144412656,Pokemon,103,Rocket's Wobbuffet Art,POKEMON JAPANESE SV10-GLORY OF TEAM ROCKET,8500,84,73.99,75.00,126.98,88.74,72%,⚠️乖離大,126.98
2026-05-27,91894036,One Piece Card Game,019,Jewelry Bonney,500 Years in the Future,21999,39,150.20,159.99,275.98,202.83,84%,⚠️乖離大,275.98
2026-05-27,156219827,One Piece Card Game,,Don!! Card,Adventure On Kami's Island,34500,794,64.99,64.99,406.98,308.48,526%,⚠️乖離大,406.98
2026-05-27,146160792,One Piece Card Game,,Don!! Card,Promo Cards,33000,794,64.99,64.99,390.98,295.81,502%,⚠️乖離大,390.98
2026-05-27,146617214,One Piece Card Game,002,Marco Weekly Shonen Jump-#8,Promo Cards,23000,13,84.99,84.99,286.98,211.29,238%,⚠️乖離大,286.98
2026-05-27,146280439,Pokemon,086,Drowzee Art,POKEMON JAPANESE SV1V-VIOLET EX,13000,82,110.00,110.00,177.98,126.77,62%,⚠️乖離大,177.98
2026-05-27,146280454,Pokemon,102,Articuno Art,POKEMON JAPANESE SV9-BATTLE PARTNERS,11000,140,75.00,78.49,152.98,109.87,104%,⚠️乖離大,152.98
2026-05-27,144412656,Pokemon,103,Rocket's Wobbuffet Art,POKEMON JAPANESE SV10-GLORY OF TEAM ROCKET,8500,84,73.99,75.00,126.98,88.74,72%,⚠️乖離大,126.98
2026-05-28,91894036,One Piece Card Game,019,Jewelry Bonney,500 Years in the Future,21999,40,154.24,159.99,274.98,202.60,78%,⚠️乖離大,274.98
2026-05-28,146160792,One Piece Card Game,,Don!! Card,Promo Cards,32500,792,65.00,65.00,384.98,291.25,492%,⚠️乖離大,384.98
2026-05-28,146617214,One Piece Card Game,002,Marco Weekly Shonen Jump-#8,Promo Cards,22500,13,84.99,84.99,280.98,206.83,231%,⚠️乖離大,280.98
2026-05-28,146280439,Pokemon,086,Drowzee Art,POKEMON JAPANESE SV1V-VIOLET EX,12500,83,109.99,109.99,170.98,122.41,55%,⚠️乖離大,170.98
2026-05-28,146280454,Pokemon,102,Articuno Art,POKEMON JAPANESE SV9-BATTLE PARTNERS,10500,135,75.00,75.00,146.98,105.53,96%,⚠️乖離大,146.98
2026-05-28,144412656,Pokemon,103,Rocket's Wobbuffet Art,POKEMON JAPANESE SV10-GLORY OF TEAM ROCKET,8400,83,73.99,75.00,125.98,87.80,70%,⚠️乖離大,125.98
2026-05-28,91894036,One Piece Card Game,019,Jewelry Bonney,500 Years in the Future,21999,41,154.24,159.99,274.98,202.66,78%,⚠️乖離大,274.98
2026-05-28,146160792,One Piece Card Game,,Don!! Card,Promo Cards,32500,792,64.99,65.00,384.98,291.34,492%,⚠️乖離大,384.98
2026-05-28,146617214,One Piece Card Game,002,Marco Weekly Shonen Jump-#8,Promo Cards,22500,13,84.99,84.99,280.98,206.89,231%,⚠️乖離大,280.98
2026-05-28,146280439,Pokemon,086,Drowzee Art,POKEMON JAPANESE SV1V-VIOLET EX,12500,83,109.99,109.99,170.98,122.45,55%,⚠️乖離大,170.98
2026-05-28,146280454,Pokemon,102,Articuno Art,POKEMON JAPANESE SV9-BATTLE PARTNERS,10500,135,75.00,75.00,146.98,105.56,96%,⚠️乖離大,146.98
2026-05-28,144412656,Pokemon,103,Rocket's Wobbuffet Art,POKEMON JAPANESE SV10-GLORY OF TEAM ROCKET,8400,83,73.99,75.00,125.98,87.82,70%,⚠️乖離大,125.98
2026-05-28,91894036,One Piece Card Game,019,Jewelry Bonney,500 Years in the Future,21999,41,154.24,159.99,274.98,202.56,78%,⚠️乖離大,274.98
2026-05-28,146160792,One Piece Card Game,,Don!! Card,Promo Cards,32500,786,65.00,65.00,384.98,291.20,492%,⚠️乖離大,384.98
2026-05-28,146617214,One Piece Card Game,002,Marco Weekly Shonen Jump-#8,Promo Cards,22500,13,84.99,84.99,280.98,206.79,231%,⚠️乖離大,280.98
2026-05-28,146280439,Pokemon,086,Drowzee Art,POKEMON JAPANESE SV1V-VIOLET EX,12500,83,109.99,109.99,170.98,122.39,55%,⚠️乖離大,170.98
2026-05-28,146280454,Pokemon,102,Articuno Art,POKEMON JAPANESE SV9-BATTLE PARTNERS,10500,136,75.00,75.00,146.98,105.51,96%,⚠️乖離大,146.98
2026-05-28,144412656,Pokemon,103,Rocket's Wobbuffet Art,POKEMON JAPANESE SV10-GLORY OF TEAM ROCKET,8400,84,73.99,75.00,125.98,87.78,70%,⚠️乖離大,125.98
2026-05-28,91894036,One Piece Card Game,019,Jewelry Bonney,500 Years in the Future,21999,41,154.24,159.99,274.98,202.56,78%,⚠️乖離大,274.98
2026-05-28,146160792,One Piece Card Game,,Don!! Card,Promo Cards,32500,788,64.99,65.00,384.98,291.20,492%,⚠️乖離大,384.98
2026-05-28,146617214,One Piece Card Game,002,Marco Weekly Shonen Jump-#8,Promo Cards,22500,13,84.99,84.99,280.98,206.79,231%,⚠️乖離大,280.98
2026-05-28,146280439,Pokemon,086,Drowzee Art,POKEMON JAPANESE SV1V-VIOLET EX,12500,83,109.99,109.99,170.98,122.39,55%,⚠️乖離大,170.98
2026-05-28,146280454,Pokemon,102,Articuno Art,POKEMON JAPANESE SV9-BATTLE PARTNERS,10500,136,75.00,75.00,146.98,105.51,96%,⚠️乖離大,146.98
2026-05-28,144412656,Pokemon,103,Rocket's Wobbuffet Art,POKEMON JAPANESE SV10-GLORY OF TEAM ROCKET,8400,84,73.99,75.00,125.98,87.78,70%,⚠️乖離大,125.98
2026-05-28,91894036,One Piece Card Game,019,Jewelry Bonney,500 Years in the Future,21999,41,154.24,159.99,274.98,202.56,78%,⚠️乖離大,274.98
2026-05-28,146160792,One Piece Card Game,,Don!! Card,Promo Cards,32500,786,64.99,65.00,384.98,291.20,492%,⚠️乖離大,384.98
2026-05-28,146617214,One Piece Card Game,002,Marco Weekly Shonen Jump-#8,Promo Cards,22500,13,84.99,84.99,280.98,206.79,231%,⚠️乖離大,280.98
2026-05-28,146280439,Pokemon,086,Drowzee Art,POKEMON JAPANESE SV1V-VIOLET EX,12500,86,109.99,109.99,170.98,122.39,55%,⚠️乖離大,170.98
2026-05-28,146280454,Pokemon,102,Articuno Art,POKEMON JAPANESE SV9-BATTLE PARTNERS,10500,137,75.00,75.00,146.98,105.51,96%,⚠️乖離大,146.98
2026-05-28,144412656,Pokemon,103,Rocket's Wobbuffet Art,POKEMON JAPANESE SV10-GLORY OF TEAM ROCKET,8400,85,73.99,75.00,125.98,87.78,70%,⚠️乖離大,125.98
2026-05-28,91894036,One Piece Card Game,019,Jewelry Bonney,500 Years in the Future,21999,43,155.00,159.99,274.98,202.65,77%,⚠️乖離大,274.98
2026-05-28,146160792,One Piece Card Game,,Don!! Card,Promo Cards,32500,783,64.99,65.00,384.98,291.33,492%,⚠️乖離大,384.98
2026-05-28,146617214,One Piece Card Game,002,Marco Weekly Shonen Jump-#8,Promo Cards,22500,13,84.99,84.99,280.98,206.89,231%,⚠️乖離大,280.98
2026-05-28,146280439,Pokemon,086,Drowzee Art,POKEMON JAPANESE SV1V-VIOLET EX,12500,84,109.99,110.00,170.98,122.44,55%,⚠️乖離大,170.98
2026-05-28,146280454,Pokemon,102,Articuno Art,POKEMON JAPANESE SV9-BATTLE PARTNERS,10500,137,75.00,75.00,146.98,105.55,96%,⚠️乖離大,146.98
2026-05-28,144412656,Pokemon,103,Rocket's Wobbuffet Art,POKEMON JAPANESE SV10-GLORY OF TEAM ROCKET,8400,87,73.99,75.00,125.98,87.82,70%,⚠️乖離大,125.98
2026-05-28,91894036,One Piece Card Game,019,Jewelry Bonney,500 Years in the Future,21999,43,155.00,159.99,274.98,202.65,77%,⚠️乖離大,274.98
2026-05-28,146160792,One Piece Card Game,,Don!! Card,Promo Cards,32500,781,64.99,65.00,384.98,291.33,492%,⚠️乖離大,384.98
2026-05-28,146617214,One Piece Card Game,002,Marco Weekly Shonen Jump-#8,Promo Cards,22500,13,84.99,84.99,280.98,206.89,231%,⚠️乖離大,280.98
2026-05-28,143595918,Pokemon,126,Arceus V Vstar Universe,POKEMON JAPANESE SWORD & SHIELD VSTAR UNIVERSE,8400,2,116.40,116.40,125.98,87.82,8%,薄商い,125.98
2026-05-28,146160803,One Piece Card Game,,Don!! Card,Carrying On His Will,15000,781,64.99,65.00,198.98,143.55,206%,⚠️乖離大,198.98
2026-05-28,145580816,Pokemon,224,Eevee Ex,POKEMON JAPANESE SV8A-TERASTAL FEST EX,19500,93,144.70,144.70,251.98,181.55,74%,⚠️乖離大,251.98
2026-05-28,145951800,One Piece Card Game,006,Stussy,Starter Deck ST29-Egghead,17500,3,185.00,195.40,227.98,164.66,23%,薄商い,227.98
2026-05-28,143595918,Pokemon,126,Arceus V Vstar Universe,POKEMON JAPANESE SWORD & SHIELD VSTAR UNIVERSE,8400,2,116.40,116.40,125.98,87.82,8%,薄商い,125.98
2026-05-28,146160803,One Piece Card Game,,Don!! Card,Carrying On His Will,15000,781,64.99,65.00,198.98,143.55,206%,⚠️乖離大,198.98
2026-05-28,145580816,Pokemon,224,Eevee Ex,POKEMON JAPANESE SV8A-TERASTAL FEST EX,19500,93,144.70,144.70,251.98,181.55,74%,⚠️乖離大,251.98
2026-05-28,145951800,One Piece Card Game,006,Stussy,Starter Deck ST29-Egghead,17500,3,185.00,195.40,227.98,164.66,23%,薄商い,227.98
2026-05-28,143595918,Pokemon,126,Arceus V Vstar Universe,POKEMON JAPANESE SWORD & SHIELD VSTAR UNIVERSE,8400,2,116.40,116.40,125.98,87.82,8%,薄商い,125.98
2026-05-28,146160803,One Piece Card Game,,Don!! Card,Carrying On His Will,15000,781,64.99,65.00,198.98,143.55,206%,⚠️乖離大,198.98
2026-05-28,145580816,Pokemon,224,Eevee Ex,POKEMON JAPANESE SV8A-TERASTAL FEST EX,19500,93,144.70,144.70,251.98,181.55,74%,⚠️乖離大,251.98
2026-05-28,145951800,One Piece Card Game,006,Stussy,Starter Deck ST29-Egghead,17500,3,185.00,195.40,227.98,164.66,23%,薄商い,227.98
2026-05-28,146614872,One Piece Card Game,037,More Pizza!!,Premium Card Collection -Best Selection VOL.4-,20000,1,74.99,,251.98,185.87,236%,薄商い,251.98
2026-05-28,142643217,Pokemon,202,Misdreavus Art,POKEMON JAPANESE M2A-MEGA DREAM EX,8400,15,69.99,68.00,125.98,87.86,80%,⚠️乖離大,125.98
2026-05-28,145951794,One Piece Card Game,001,Monkey D. Luffy,Starter Deck ST29-Egghead,29500,31,199.99,174.95,356.98,266.13,78%,⚠️乖離大,356.98
2026-05-29,146614872,One Piece Card Game,037,More Pizza!!,Premium Card Collection -Best Selection VOL.4-,19000,1,74.99,,245.98,177.57,228%,薄商い,245.98
2026-05-29,142643217,Pokemon,202,Misdreavus Art,POKEMON JAPANESE M2A-MEGA DREAM EX,8200,16,68.00,53.77,123.98,86.25,82%,⚠️乖離大,123.98
2026-05-29,146441085,Pokemon,205,Team Rocket's Mimikyu Art,POKEMON JAPANESE M2A-MEGA DREAM EX,10500,78,95.00,95.00,147.98,105.69,56%,⚠️乖離大,147.98
2026-05-29,147130983,One Piece Card Game,076,Divine Departure,Carrying On His Will,20500,16,199.99,199.99,257.98,190.25,29%,適正,257.98
2026-05-29,147130978,One Piece Card Game,061,Donquixote Rosinante,Legacy of the Master,17500,4,186.00,89.99,228.98,164.88,23%,薄商い,228.98
2026-05-29,146519705,Pokemon,074,Delibird Art,POKEMON JAPANESE M1S-MEGA SYMPHONIA,9700,12,95.00,80.00,141.98,98.93,49%,適正,141.98
2026-05-30,146614872,One Piece Card Game,037,More Pizza!!,Premium Card Collection -Best Selection VOL.4-,19000,1,74.99,,245.98,177.52,228%,薄商い,245.98
2026-05-30,142643217,Pokemon,202,Misdreavus Art,POKEMON JAPANESE M2A-MEGA DREAM EX,8200,15,53.81,49.99,123.98,86.22,130%,⚠️乖離大,123.98
2026-05-30,146441085,Pokemon,205,Team Rocket's Mimikyu Art,POKEMON JAPANESE M2A-MEGA DREAM EX,9900,78,97.49,99.00,144.98,100.60,49%,適正,144.98
2026-05-30,147130983,One Piece Card Game,076,Divine Departure,Carrying On His Will,19500,17,196.90,199.99,251.98,181.75,28%,適正,251.98
2026-05-30,147130978,One Piece Card Game,061,Donquixote Rosinante,Legacy of the Master,16500,4,173.00,89.99,216.98,156.39,25%,薄商い,216.98
2026-05-30,146519705,Pokemon,074,Delibird Art,POKEMON JAPANESE M1S-MEGA SYMPHONIA,9500,11,59.90,80.00,139.98,97.21,134%,⚠️乖離大,139.98
2026-05-31,146614872,One Piece Card Game,037,More Pizza!!,Premium Card Collection -Best Selection VOL.4-,19000,1,74.99,,245.98,177.44,228%,薄商い,245.98
2026-05-31,142643217,Pokemon,202,Misdreavus Art,POKEMON JAPANESE M2A-MEGA DREAM EX,8200,16,59.99,49.99,123.98,86.18,107%,⚠️乖離大,123.98
2026-05-31,147130983,One Piece Card Game,076,Divine Departure,Carrying On His Will,19500,17,199.99,196.90,251.98,181.66,26%,適正,251.98
2026-05-31,147130978,One Piece Card Game,061,Donquixote Rosinante,Legacy of the Master,16500,3,173.00,89.99,216.98,156.31,25%,薄商い,216.98
2026-05-31,146519705,Pokemon,074,Delibird Art,POKEMON JAPANESE M1S-MEGA SYMPHONIA,9500,10,80.00,80.00,139.98,97.17,75%,薄商い,139.98
2026-05-31,146614872,One Piece Card Game,037,More Pizza!!,Premium Card Collection -Best Selection VOL.4-,19000,1,74.99,,245.98,177.44,228%,薄商い,245.98
2026-05-31,142643217,Pokemon,202,Misdreavus Art,POKEMON JAPANESE M2A-MEGA DREAM EX,8200,16,59.99,49.99,123.98,86.18,107%,⚠️乖離大,123.98
2026-05-31,146441085,Pokemon,205,Team Rocket's Mimikyu Art,POKEMON JAPANESE M2A-MEGA DREAM EX,9900,81,89.99,92.00,144.98,100.55,61%,⚠️乖離大,144.98
2026-05-31,147130983,One Piece Card Game,076,Divine Departure,Carrying On His Will,19500,17,199.99,196.90,251.98,181.66,26%,適正,251.98
2026-05-31,147130978,One Piece Card Game,061,Donquixote Rosinante,Legacy of the Master,16500,3,173.00,89.99,216.98,156.31,25%,薄商い,216.98
2026-05-31,146519705,Pokemon,074,Delibird Art,POKEMON JAPANESE M1S-MEGA SYMPHONIA,9500,10,80.00,80.00,139.98,97.17,75%,薄商い,139.98
2026-05-31,146614872,One Piece Card Game,037,More Pizza!!,Premium Card Collection -Best Selection VOL.4-,19000,1,74.99,,245.98,177.44,228%,薄商い,245.98
2026-05-31,142643217,Pokemon,202,Misdreavus Art,POKEMON JAPANESE M2A-MEGA DREAM EX,8200,16,59.99,49.99,123.98,86.18,107%,⚠️乖離大,123.98
2026-05-31,146441085,Pokemon,205,Team Rocket's Mimikyu Art,POKEMON JAPANESE M2A-MEGA DREAM EX,9900,81,89.99,92.00,144.98,100.55,61%,⚠️乖離大,144.98
2026-05-31,147130983,One Piece Card Game,076,Divine Departure,Carrying On His Will,19500,17,199.99,196.90,251.98,181.66,26%,適正,251.98
2026-05-31,147130978,One Piece Card Game,061,Donquixote Rosinante,Legacy of the Master,16500,3,173.00,89.99,216.98,156.31,25%,薄商い,216.98
2026-05-31,146519705,Pokemon,074,Delibird Art,POKEMON JAPANESE M1S-MEGA SYMPHONIA,9500,10,80.00,80.00,139.98,97.17,75%,薄商い,139.98
2026-05-31,146614872,One Piece Card Game,037,More Pizza!!,Premium Card Collection -Best Selection VOL.4-,19000,1,74.99,,245.98,177.44,228%,薄商い,245.98
2026-05-31,142643217,Pokemon,202,Misdreavus Art,POKEMON JAPANESE M2A-MEGA DREAM EX,8200,16,59.99,49.99,123.98,86.18,107%,⚠️乖離大,123.98
2026-05-31,146441085,Pokemon,205,Team Rocket's Mimikyu Art,POKEMON JAPANESE M2A-MEGA DREAM EX,9900,33,100.00,100.00,144.98,100.55,45%,適正,144.98
2026-05-31,147130983,One Piece Card Game,076,Divine Departure,Carrying On His Will,19500,17,199.99,196.90,251.98,181.66,26%,適正,251.98
2026-05-31,147130978,One Piece Card Game,061,Donquixote Rosinante,Legacy of the Master,16500,3,173.00,89.99,216.98,156.31,25%,薄商い,216.98
2026-05-31,146519705,Pokemon,074,Delibird Art,POKEMON JAPANESE M1S-MEGA SYMPHONIA,9500,10,80.00,80.00,139.98,97.17,75%,薄商い,139.98
2026-05-31,146614872,One Piece Card Game,037,More Pizza!!,Premium Card Collection -Best Selection VOL.4-,19000,1,74.99,,245.98,177.44,228%,薄商い,245.98
2026-05-31,142643217,Pokemon,202,Misdreavus Art,POKEMON JAPANESE M2A-MEGA DREAM EX,8200,17,53.81,49.99,123.98,86.18,130%,⚠️乖離大,123.98
2026-05-31,146441085,Pokemon,205,Team Rocket's Mimikyu Art,POKEMON JAPANESE M2A-MEGA DREAM EX,9900,78,92.00,95.00,144.98,100.55,58%,⚠️乖離大,144.98
2026-05-31,147130983,One Piece Card Game,076,Divine Departure,Carrying On His Will,19500,17,199.99,196.90,251.98,181.66,26%,適正,251.98
2026-05-31,147130978,One Piece Card Game,061,Donquixote Rosinante,Legacy of the Master,16500,3,173.00,89.99,216.98,156.31,25%,薄商い,216.98
2026-05-31,146519705,Pokemon,074,Delibird Art,POKEMON JAPANESE M1S-MEGA SYMPHONIA,9500,10,80.00,80.00,139.98,97.17,75%,薄商い,139.98
2026-05-31,146614872,One Piece CCG,037,More Pizza!!,Premium Card Collection -Best Selection VOL.4-,19000,1,74.99,,245.98,177.44,228%,薄商い,245.98
2026-05-31,142643217,Pokemon,202,Misdreavus Art,POKEMON JAPANESE M2A-MEGA DREAM EX,8200,17,53.81,49.99,123.98,86.18,130%,⚠️乖離大,123.98
2026-05-31,147130983,One Piece CCG,076,Divine Departure,Carrying On His Will,19500,17,199.99,196.90,251.98,181.66,26%,適正,251.98
2026-05-31,147130978,One Piece CCG,061,Donquixote Rosinante,Legacy of the Master,16500,3,173.00,89.99,216.98,156.31,25%,薄商い,216.98
2026-05-31,146519705,Pokemon,074,Delibird Art,POKEMON JAPANESE M1S-MEGA SYMPHONIA,9500,10,80.00,80.00,139.98,97.17,75%,薄商い,139.98
2026-05-31,146614872,One Piece CCG,037,More Pizza!!,Premium Card Collection -Best Selection VOL.4-,19000,1,74.99,,245.98,177.44,228%,薄商い,245.98
2026-05-31,142643217,Pokemon,202,Misdreavus Art,POKEMON JAPANESE M2A-MEGA DREAM EX,8200,17,53.81,49.99,123.98,86.18,130%,⚠️乖離大,123.98
2026-05-31,146441085,Pokemon,205,Team Rocket's Mimikyu Art,POKEMON JAPANESE M2A-MEGA DREAM EX,9900,78,92.00,95.00,144.98,100.55,58%,⚠️乖離大,144.98
2026-05-31,147130983,One Piece CCG,076,Divine Departure,Carrying On His Will,19500,17,199.99,196.90,251.98,181.66,26%,適正,251.98
2026-05-31,147130978,One Piece CCG,061,Donquixote Rosinante,Legacy of the Master,16500,3,173.00,89.99,216.98,156.31,25%,薄商い,216.98
2026-05-31,146519705,Pokemon,074,Delibird Art,POKEMON JAPANESE M1S-MEGA SYMPHONIA,9500,10,80.00,80.00,139.98,97.17,75%,薄商い,139.98
2026-05-31,146614872,One Piece CCG,037,More Pizza!!,Premium Card Collection -Best Selection VOL.4-,19000,1,74.99,,245.98,177.44,228%,薄商い,245.98
2026-05-31,142643217,Pokemon,202,Misdreavus Art,POKEMON JAPANESE M2A-MEGA DREAM EX,8200,17,53.81,49.99,123.98,86.18,130%,⚠️乖離大,123.98
2026-05-31,146441085,Pokemon,205,Team Rocket's Mimikyu Art,POKEMON JAPANESE M2A-MEGA DREAM EX,9900,78,92.00,95.00,144.98,100.55,58%,⚠️乖離大,144.98
2026-05-31,147130983,One Piece CCG,076,Divine Departure,Carrying On His Will,19500,17,199.99,196.90,251.98,181.66,26%,適正,251.98
2026-05-31,147130978,One Piece CCG,061,Donquixote Rosinante,Legacy of the Master,16500,3,173.00,89.99,216.98,156.31,25%,薄商い,216.98
2026-05-31,146519705,Pokemon,074,Delibird Art,POKEMON JAPANESE M1S-MEGA SYMPHONIA,9500,10,80.00,80.00,139.98,97.17,75%,薄商い,139.98
2026-05-31,143815490,Pokemon,227,Mega Diancie Ex Mega Attack,POKEMON JAPANESE M2A-MEGA DREAM EX,8700,38,100.00,100.00,129.98,90.41,30%,適正,129.98
2026-05-31,146282830,One Piece CCG,018,Tashigi,Extra Booster -One Piece Heroines Edition-,15000,14,193.76,249.90,198.98,143.64,3%,適正,198.98
2026-05-31,142643222,Pokemon,197,Ethan's Magcargo Art,POKEMON JAPANESE M2A-MEGA DREAM EX,8800,10,60.00,55.00,130.98,91.25,118%,薄商い,130.98
2026-05-31,146303989,Pokemon,121,Iris's Fighting Spirit Super,POKEMON JAPANESE SV9-BATTLE PARTNERS,15500,16,77.60,77.60,204.98,147.87,164%,⚠️乖離大,204.98
2026-05-31,146282842,One Piece CCG,118,Silvers Rayleigh,Two Legends,18000,73,889.80,889.80,233.98,168.99,-74%,市場高,233.98
2026-05-31,146282830,One Piece CCG,018,Tashigi,Extra Booster -One Piece Heroines Edition-,15000,14,193.76,249.90,198.98,143.64,3%,適正,198.98
2026-05-31,142643222,Pokemon,197,Ethan's Magcargo Art,POKEMON JAPANESE M2A-MEGA DREAM EX,8800,10,60.00,55.00,130.98,91.25,118%,薄商い,130.98
2026-05-31,146303989,Pokemon,121,Iris's Fighting Spirit Super,POKEMON JAPANESE SV9-BATTLE PARTNERS,15500,16,77.60,77.60,204.98,147.87,164%,⚠️乖離大,204.98
2026-05-31,146282842,One Piece CCG,118,Silvers Rayleigh,Two Legends,18000,73,889.80,999.00,233.98,168.99,-74%,市場高,233.98
2026-05-31,146518156,Pokemon,231,Mega Scrafty Ex Mega Attack,POKEMON JAPANESE M2A-MEGA DREAM EX,8700,29,125.00,211.99,129.98,90.41,4%,適正,129.98
2026-05-31,146280449,Pokemon,076,Arctibax Art,POKEMON JAPANESE SV2P-SNOW HAZARD,9900,12,74.99,74.99,144.98,100.55,93%,⚠️乖離大,144.98
2026-05-31,143815490,Pokemon,227,Mega Diancie Ex Mega Attack,POKEMON JAPANESE M2A-MEGA DREAM EX,8700,38,100.00,100.00,129.98,90.41,30%,適正,129.98
2026-05-31,146282830,One Piece CCG,018,Tashigi,Extra Booster -One Piece Heroines Edition-,15000,14,193.76,249.90,198.98,143.64,3%,適正,198.98
2026-05-31,142643222,Pokemon,197,Ethan's Magcargo Art,POKEMON JAPANESE M2A-MEGA DREAM EX,8800,10,60.00,55.00,130.98,91.25,118%,薄商い,130.98
2026-05-31,146303989,Pokemon,121,Iris's Fighting Spirit Super,POKEMON JAPANESE SV9-BATTLE PARTNERS,15500,16,77.60,77.60,204.98,147.87,164%,⚠️乖離大,204.98
2026-05-31,146282842,One Piece CCG,118,Silvers Rayleigh,Two Legends,18000,73,889.80,999.00,233.98,168.99,-74%,市場高,233.98
2026-06-01,145786067,Pokemon,091,Bloodmoon Ursaluna Ex,POKEMON JAPANESE SV5A-CRIMSON HAZE,18000,9,96.12,104.99,233.98,169.04,143%,薄商い,233.98
2026-06-01,146282833,One Piece CCG,053,Nami,Extra Booster -One Piece Heroines Edition-,28000,32,1305.00,1450.00,339.98,253.56,-74%,市場高,339.98
2026-06-01,146441087,Pokemon,210,N's Zekrom Art,POKEMON JAPANESE M2A-MEGA DREAM EX,10000,105,99.99,99.99,140.98,101.42,41%,適正,140.98
2026-06-01,147130990,One Piece CCG,120,Sabo,Carrying On His Will,26000,121,220.49,220.49,316.98,236.46,44%,⚠️乖離大,316.98
2026-06-01,142643218,Pokemon,202,Misdreavus Art,POKEMON JAPANESE M2A-MEGA DREAM EX,8400,20,59.99,53.81,125.98,87.83,110%,⚠️乖離大,125.98
2026-06-01,142643218,Pokemon,202,Misdreavus Art,POKEMON JAPANESE M2A-MEGA DREAM EX,8400,20,59.99,53.81,125.98,87.83,110%,⚠️乖離大,125.98
2026-06-01,146303999,Pokemon,219,Canari Super,POKEMON JAPANESE M2A-MEGA DREAM EX,22500,22,125.00,125.00,280.98,206.90,125%,⚠️乖離大,280.98
2026-06-01,145786082,Pokemon,130,Terapagos Ex,POKEMON JAPANESE SV7-STELLAR MIRACLE,12000,59,106.29,106.29,164.98,118.23,55%,⚠️乖離大,164.98
2026-06-01,146280441,Pokemon,077,Baxcalibur Art,POKEMON JAPANESE SV2P-SNOW HAZARD,12000,17,74.99,94.19,164.98,118.23,120%,⚠️乖離大,164.98
2026-06-01,146617214,One Piece CCG,002,Marco Weekly Shonen Jump-#8,Promo Cards,21500,14,84.99,84.99,269.98,198.47,218%,⚠️乖離大,269.98
2026-06-01,145951794,One Piece CCG,001,Monkey D. Luffy,Starter Deck ST29-Egghead,28000,22,199.99,179.95,339.98,253.36,70%,⚠️乖離大,339.98
2026-06-01,145580823,Pokemon,255,Fa/Acerola's Prmntn. Vmax Climax,POKEMON JAPANESE SWORD & SHIELD VMAX CLIMAX,22500,76,243.67,202.67,280.98,206.91,15%,適正,280.98
2026-06-01,146303999,Pokemon,219,Canari Super,POKEMON JAPANESE M2A-MEGA DREAM EX,21000,22,118.85,125.00,263.98,194.24,122%,⚠️乖離大,263.98
2026-06-01,145580822,Pokemon,091,Wally's Compassion,POKEMON JAPANESE M1S-MEGA SYMPHONIA,12500,2,99.97,99.97,170.98,122.46,71%,薄商い,170.98
2026-06-01,146280452,Pokemon,075,Frigibax Art,POKEMON JAPANESE SV2P-SNOW HAZARD,9800,9,74.99,74.99,143.98,99.66,92%,薄商い,143.98
2026-06-01,146065207,Pokemon,209,Jolteon Ex,POKEMON JAPANESE SV8A-TERASTAL FEST EX,18500,117,149.00,148.99,239.98,173.13,61%,⚠️乖離大,239.98
2026-06-01,151096672,Pokemon,113,Mega Zygarde Ex,POKEMON JAPANESE M3-NULLIFYING ZERO,29000,32,260.00,256.00,350.98,261.81,35%,適正,350.98
2026-06-02,146304001,Pokemon,124,Lacey Super,POKEMON JAPANESE SV7-STELLAR MIRACLE,17500,9,124.38,122.59,227.98,164.41,83%,薄商い,227.98
2026-06-02,143815502,Pokemon,229,Mega Hawlucha Ex Mega Attack,POKEMON JAPANESE M2A-MEGA DREAM EX,8700,43,85.00,81.48,129.98,90.21,53%,⚠️乖離大,129.98
2026-06-02,146362163,Gundam Card Game,009,Resource V Jump-September,Edition Beta Promos,14500,17,34.79,34.79,194.98,139.11,460%,⚠️乖離大,194.98
2026-06-02,146617212,One Piece CCG,022,Yamato Wkly Shonen Jump '24-#36-37,Promo Cards,18000,75,168.53,165.00,233.98,168.62,39%,適正,233.98
2026-06-02,145580810,Pokemon,241,Feraligatr Illustration Contest 2024,POKEMON JAPANESE SV-P PROMO,15500,21,65.00,65.00,203.98,147.54,214%,⚠️乖離大,203.98
2026-06-02,143657562,Pokemon,035,Oricorio Gx Alter Genesis,POKEMON JAPANESE SUN & MOON ALTER GENESIS,8500,1,119.40,119.40,126.98,88.53,6%,薄商い,126.98
2026-06-02,142643209,Pokemon,212,Drakloak Art,POKEMON JAPANESE M2A-MEGA DREAM EX,8400,12,50.00,54.99,125.98,87.68,152%,⚠️乖離大,125.98
2026-06-02,156219825,One Piece CCG,002,Lucy,Adventure On Kami's Island,40000,0,,,,,,先行出品,484.98
